Date, Open, Close, High, Low, Volume
2018-01-02,37.000000,38.150000,38.150000,37.000000,694524
2018-01-03,38.000000,37.880000,38.440000,37.770000,483360
2018-01-04,38.110000,38.630000,38.740000,38.000000,620489
2018-01-05,38.670000,38.360000,38.950000,38.330000,388044
2018-01-08,38.250000,38.580000,38.860000,37.980000,531793
2018-01-09,38.060000,36.010000,38.290000,35.930000,1617178
2018-01-10,35.770000,35.800000,36.050000,35.170000,793980
2018-01-11,35.820000,36.460000,36.570000,35.820000,837069
2018-01-12,36.630000,36.830000,37.010000,36.440000,634253
2018-01-16,37.240000,35.590000,37.470000,35.357400,763455
2018-01-17,35.880000,36.610000,36.700000,35.700000,653915
2018-01-18,36.460000,36.190000,36.730000,35.982000,304928
2018-01-19,36.170000,36.270000,36.490000,36.050000,325920
2018-01-22,36.090000,36.690000,36.790000,35.960000,818265
2018-01-23,35.880000,35.000000,36.600000,34.840000,2391204
2018-01-24,36.170000,35.980000,39.000000,35.010000,5594074
2018-01-25,36.580000,34.700000,36.580000,34.267600,1859255
2018-01-26,34.840000,35.190000,35.270000,33.770000,1564608
2018-01-29,34.870000,34.760000,34.980000,34.489900,883799
2018-01-30,34.440000,34.260000,34.890000,34.150000,1150057
2018-01-31,34.490000,34.510000,35.000000,34.020000,1033120
2018-02-01,34.440000,34.500000,34.980000,34.280000,1100537
2018-02-02,34.250000,33.250000,34.250000,33.080000,1240177
2018-02-05,32.930000,32.000000,33.340000,31.920000,1302188
2018-02-06,31.290000,32.330000,32.860000,30.780000,1915587
2018-02-07,32.150000,32.630000,32.750000,31.880000,1112717
2018-02-08,32.350000,32.540000,33.290000,32.270000,1822370
2018-02-09,32.200000,32.760000,33.130000,31.440000,1250666
2018-02-12,32.990000,33.540000,33.670000,32.320000,720373
2018-02-13,33.430000,34.650000,34.710000,33.070000,1244979
2018-02-14,34.410000,35.980000,36.120000,34.392500,2039599
2018-02-15,36.430000,36.500000,36.560000,35.300000,914470
2018-02-16,36.170000,36.730000,36.910000,35.950000,713310
2018-02-20,36.600000,37.090000,37.560000,36.600000,1564458
2018-02-21,37.380000,37.840000,38.540000,37.180000,1289343
2018-02-22,38.020000,37.350000,38.160000,37.231000,744411
2018-02-23,37.580000,37.350000,37.580000,36.670000,1036630
2018-02-26,38.000000,37.250000,38.270000,37.140000,988645
2018-02-27,37.120000,38.300000,38.690000,37.005000,1318171
2018-02-28,38.250000,37.830000,38.500000,37.780000,772944
2018-03-01,37.830000,37.090000,37.830000,36.320000,868243
2018-03-02,36.760000,37.200000,37.330000,35.880000,838146
2018-03-05,37.150000,38.070000,38.165000,36.820000,1048993
2018-03-06,38.630000,41.760000,42.800000,38.500000,5745427
2018-03-07,41.480000,42.900000,42.935000,41.250000,2062840
2018-03-08,43.020000,42.870000,43.140000,40.780000,1653259
2018-03-09,42.970000,41.940000,43.230000,41.870000,1302518
2018-03-12,41.970000,42.130000,42.420000,41.790000,860159
2018-03-13,42.270000,42.180000,42.710000,41.760000,897362
2018-03-14,42.300000,42.500000,43.130000,41.930000,1084126
2018-03-15,42.800000,42.290000,45.430000,42.230000,4641563
2018-03-16,42.300000,42.680000,42.840000,41.710000,923681
2018-03-19,42.390000,42.630000,43.030000,41.960000,712543
2018-03-20,42.880000,43.220000,43.810000,42.620000,914877
2018-03-21,43.410000,42.990000,43.760000,42.950000,596825
2018-03-22,42.400000,41.330000,42.730000,41.220000,986619
2018-03-23,41.220000,40.380000,41.490000,40.370000,597824
2018-03-26,41.240000,41.430000,41.490000,40.500000,676472
2018-03-27,41.610000,40.090000,41.610000,39.710000,1094549
2018-03-28,40.000000,39.570000,40.280000,39.111000,744016
2018-03-29,39.740000,40.310000,40.720000,39.340000,489416
2018-04-02,40.170000,38.860000,40.610000,38.730000,717433
2018-04-03,39.290000,39.500000,39.700000,38.800000,489596
2018-04-04,38.410000,39.760000,39.860000,38.010000,532543
2018-04-05,39.980000,40.640000,40.690000,39.800000,680200
2018-04-06,40.300000,40.410000,41.250000,40.070000,1535049
2018-04-09,40.760000,41.030000,41.500000,40.280000,1451512
2018-04-10,41.540000,42.370000,42.550000,41.175000,1241916
2018-04-11,42.100000,41.530000,42.380000,40.870000,1257984
2018-04-12,41.600000,41.680000,42.490000,41.210000,965970
2018-04-13,41.870000,41.150000,42.325000,40.960000,416379
2018-04-16,41.500000,40.400000,41.500000,40.390000,682186
2018-04-17,40.640000,40.900000,41.190000,40.430000,512366
2018-04-18,41.140000,41.190000,41.480000,40.700000,864487
2018-04-19,40.990000,41.170000,41.530000,40.900000,728723
2018-04-20,40.790000,40.340000,41.150000,40.050000,726381
2018-04-23,40.390000,40.370000,40.660000,39.850000,825849
2018-04-24,40.880000,39.360000,41.350000,38.960000,2000496
2018-04-25,42.720000,39.260000,42.840000,38.320000,4487041
2018-04-26,39.430000,40.270000,40.340000,38.650000,1368295
2018-04-27,40.370000,38.250000,40.480000,37.720000,1765583
2018-04-30,38.210000,37.310000,38.330000,36.800000,1478699
2018-05-01,37.250000,38.970000,39.100000,36.580000,1205324
2018-05-02,38.950000,39.370000,39.660000,38.908400,1047496
2018-05-03,39.220000,40.230000,40.435000,39.050000,973344
2018-05-04,40.090000,40.910000,41.130000,40.000000,743936
2018-05-07,40.990000,40.930000,41.230000,40.560000,696916
2018-05-08,40.730000,41.060000,41.220000,40.700000,587774
2018-05-09,41.320000,41.580000,41.600000,40.920000,468566
2018-05-10,41.800000,42.150000,42.200000,41.532200,718891
2018-05-11,42.000000,42.075000,42.140000,41.760000,706066
2018-05-14,42.310000,42.335000,42.800000,42.080000,809896
2018-05-15,42.100000,43.700000,43.720000,42.100000,1100488
2018-05-16,43.600000,43.910000,44.200000,43.440000,1046069
2018-05-17,43.840000,44.560000,44.630000,43.840000,807634
2018-05-18,44.610000,44.360000,44.630000,43.930100,776655
2018-05-21,44.770000,45.540000,45.620000,44.460000,1081700
2018-05-22,45.780000,45.340000,46.150000,45.190000,1022261
2018-05-23,44.850000,45.180000,45.246600,44.140000,558503
2018-05-24,45.150000,45.320000,45.395000,44.526000,707258
2018-05-25,45.310000,45.850000,46.080000,45.220000,758465
2018-05-29,45.620000,47.330000,48.000000,45.620000,1732425
2018-05-30,47.410000,47.200000,48.000000,47.030000,1458830
2018-05-31,47.130000,46.620000,47.700000,46.540000,718838
2018-06-01,47.040000,47.310000,47.420000,46.620000,597041
2018-06-04,47.540000,48.040000,48.320000,47.350000,868407
2018-06-05,48.320000,49.090000,49.940000,48.110000,2037006
2018-06-06,49.000000,49.290000,49.390000,48.210000,891740
2018-06-07,49.280000,49.750000,49.990000,48.860000,778331
2018-06-08,48.000000,48.970000,49.290000,48.000000,933960
2018-06-11,49.030000,48.970000,49.220000,48.720100,819415
2018-06-12,49.200000,49.710000,50.440000,48.960000,1059118
2018-06-13,49.790000,49.950000,50.675000,49.740000,713051
2018-06-14,49.950000,49.445000,50.480000,49.120000,818890
2018-06-15,49.190000,49.170000,49.430000,48.341500,1047574
2018-06-18,48.720000,49.730000,49.880000,48.590000,685804
2018-06-19,48.690000,48.580000,49.250000,47.402700,1181361
2018-06-20,48.830000,48.350000,49.220000,48.031000,882956
2018-06-21,48.560000,48.020000,48.730000,47.780000,468610
2018-06-22,48.220000,47.670000,48.300000,47.560000,539183
2018-06-25,47.290000,45.970000,47.355000,45.320000,666747
2018-06-26,45.440000,45.680000,45.990000,44.900000,955483
2018-06-27,45.940000,44.030000,46.050000,43.980000,919129
2018-06-28,43.450000,42.440000,43.750000,41.750000,1525737
2018-06-29,42.810000,41.580000,42.990000,41.560000,737591
2018-07-02,41.540000,41.570000,43.020000,40.750000,833978
2018-07-03,42.000000,43.630000,44.040000,41.800000,1452570
2018-07-05,44.150000,45.240000,46.660000,43.950000,4623925
2018-07-06,45.120000,45.860000,46.014900,44.790000,1136635
2018-07-09,46.070000,46.390000,46.570000,45.860000,777212
2018-07-10,46.570000,46.420000,47.020000,46.150000,416832
2018-07-11,45.900000,45.550000,46.100000,45.000000,420800
2018-07-12,45.680000,45.980000,46.320000,45.401200,436944
2018-07-13,46.060000,45.600000,46.325000,45.436000,333188
2018-07-16,45.520000,45.360000,45.810000,44.940000,403827
2018-07-17,45.010000,46.320000,46.400000,44.500000,747460
2018-07-18,46.290000,46.920000,46.960000,46.150000,419403
2018-07-19,46.840000,47.290000,47.410000,46.440000,453915
2018-07-20,47.190000,47.000000,47.430000,46.900000,336467
2018-07-23,46.770000,47.230000,47.360000,46.280000,401413
2018-07-24,47.410000,47.350000,47.810000,47.070000,514079
2018-07-25,47.410000,48.040000,48.190000,46.790000,524983
2018-07-26,47.900000,48.130000,48.520000,45.210000,374887
2018-07-27,48.100000,47.380000,48.360000,47.200000,544503
2018-07-30,47.330000,46.330000,47.490000,46.080000,410482
2018-07-31,46.370000,47.150000,47.850000,46.021000,496763
2018-08-01,46.920000,47.080000,47.300000,46.480000,360525
2018-08-02,46.710000,47.680000,47.850000,46.690000,331529
2018-08-03,48.160000,49.040000,49.620000,47.910000,897293
2018-08-06,49.000000,49.300000,49.610000,48.880000,445090
2018-08-07,49.310000,49.740000,50.200000,49.280000,812267
2018-08-08,49.730000,51.220000,51.400000,49.330000,1385437
2018-08-09,51.310000,51.250000,51.780000,50.810000,645164
2018-08-10,50.810000,50.500000,51.140000,49.810000,740039
2018-08-13,50.500000,50.280000,51.000000,50.000000,657151
2018-08-14,50.320000,50.159900,50.500000,49.561000,1364707
2018-08-15,48.650000,46.270000,51.630000,44.850000,4390011
2018-08-16,46.370000,45.110000,47.080000,45.010000,1442571
2018-08-17,44.860000,45.450000,45.640000,44.340000,809444
2018-08-20,45.440000,46.420000,46.600000,44.955000,596487
2018-08-21,44.950000,45.790000,46.160000,44.510000,3328792
2018-08-22,45.750000,45.890000,46.000000,44.599600,2113069
2018-08-23,46.070000,46.010000,46.500000,45.771000,795304
2018-08-24,46.440000,46.680000,46.960000,46.140000,576291
2018-08-27,47.090000,47.280000,47.670000,46.550000,878680
2018-08-28,47.070000,45.360000,47.270000,44.950000,1216182
2018-08-29,45.570000,46.790000,46.810000,45.150000,1078228
2018-08-30,46.750000,47.250000,47.790000,46.520000,881846
2018-08-31,45.840000,48.100000,48.230000,45.840000,775521
2018-09-04,47.780000,47.440000,48.000000,46.900000,1332828
2018-09-05,47.270000,45.460000,47.270000,45.120000,1046810
2018-09-06,45.390000,44.980000,45.750000,44.630000,832863
2018-09-07,44.770000,45.090000,45.860000,44.660000,599325
2018-09-10,45.410000,43.590000,45.410000,42.850000,1282702
2018-09-11,45.200000,43.450000,45.400000,42.785000,1492248
2018-09-12,43.120000,43.250000,43.360000,41.520000,1488276
2018-09-13,43.790000,42.280000,43.910000,42.245000,788945
2018-09-14,42.480000,42.180000,42.520000,41.684000,1102459
2018-09-17,42.140000,40.000000,42.140000,39.910000,1841990
2018-09-18,39.890000,40.350000,40.639900,39.850000,1952372
2018-09-19,40.560000,40.600000,40.879600,39.810000,1661085
2018-09-20,40.970000,41.240000,41.480000,40.670000,1012056
2018-09-21,41.010000,40.300000,41.310000,39.880000,2338358
2018-09-24,40.060000,40.470000,40.750000,39.290000,1122370
2018-09-25,40.100000,39.640000,40.700000,39.390000,1803766
2018-09-26,39.690000,38.060000,39.690000,37.990000,1549858
2018-09-27,38.120000,37.450000,38.141200,37.330000,1621410
2018-09-28,37.450000,37.860000,38.170000,37.330000,1611043
2018-10-01,38.000000,37.510000,38.414300,37.310000,1579849
2018-10-02,37.480000,37.140000,37.820000,36.990000,1241004
2018-10-03,37.100000,36.860000,37.240000,36.530000,811017
2018-10-04,36.650000,36.750000,36.980000,36.400000,1063762
2018-10-05,36.750000,35.790000,37.110000,35.290000,1193984
2018-10-08,35.430000,35.690000,35.850000,34.850000,1432816
2018-10-09,36.660000,35.540000,36.800000,35.290000,996961
2018-10-10,35.160000,34.640000,35.470000,34.540000,1194165
2018-10-11,34.630000,33.730000,34.849000,33.720000,1073735
2018-10-12,34.270000,34.580000,34.790000,34.000000,1383423
2018-10-15,34.500000,35.020000,35.770000,34.200000,1110713
2018-10-16,35.340000,37.540000,38.440000,35.050100,6506729
2018-10-17,37.550000,39.450000,40.150000,36.670000,4283831
2018-10-18,39.070000,37.670000,39.400000,37.250000,2222199
2018-10-19,37.660000,35.690000,37.880000,35.107300,1587132
2018-10-22,35.860000,37.510000,37.580000,35.688500,1294353
2018-10-23,36.790000,37.740000,37.940000,35.560000,1416764
2018-10-24,37.490000,34.540000,37.490000,34.520000,1472032
2018-10-25,35.030000,36.060000,36.250000,34.960000,905268
2018-10-26,35.450000,36.280000,37.060000,35.230000,951351
2018-10-29,37.050000,36.470000,37.720000,35.910000,987278
2018-10-30,36.520000,38.150000,38.190000,36.520000,874873
2018-10-31,38.790000,38.820000,39.480000,38.270000,896704
2018-11-01,38.494300,40.560000,40.655000,38.494300,1545086
2018-11-02,40.590000,40.210000,40.970000,39.680000,1056129
2018-11-05,40.220000,39.570000,40.330000,39.040000,946914
2018-11-06,39.510000,40.400000,40.600000,39.330000,745017
2018-11-07,40.490000,40.260000,40.950000,39.370000,1105090
2018-11-08,40.000000,40.330000,40.830000,39.590000,556508
2018-11-09,41.940000,43.500000,43.730000,41.295000,2695201
2018-11-12,42.490000,41.530000,42.960000,41.120000,1133043
2018-11-13,42.130000,43.690000,44.260000,41.792500,1377986
2018-11-14,44.000000,42.910000,44.290000,42.370000,1078553
2018-11-15,42.860000,43.950000,44.110000,42.360000,1095491
2018-11-16,42.930000,42.830000,43.920000,42.160000,1783314
2018-11-19,42.830000,42.310000,43.000000,42.030000,1355977
2018-11-20,41.000000,41.790000,42.970000,40.580000,1026431
2018-11-21,42.300000,42.570000,43.199900,41.860000,1413825
2018-11-23,42.260000,42.650000,43.083900,42.260000,232276
2018-11-26,43.040000,44.100000,44.120000,42.770000,799288
2018-11-27,43.560000,44.050000,44.800000,43.310000,1139272
2018-11-28,44.250000,46.090000,46.100000,43.690000,1489072
2018-11-29,45.710000,45.960000,46.480000,45.510000,774987
2018-11-30,43.060000,44.140000,44.310000,43.060000,1424690
2018-12-03,44.790000,46.220000,46.430000,44.400000,1609961
2018-12-04,46.000000,45.320000,47.240000,45.270000,1841905
2018-12-06,45.190000,45.950000,47.500000,44.490000,3961708
2018-12-07,45.670000,43.860000,46.200000,43.620000,1284456
2018-12-10,44.030000,44.110000,44.360000,43.530000,617813
2018-12-11,45.000000,44.900000,45.880000,44.395000,982414
2018-12-12,45.510000,44.990000,45.970000,44.580000,655423
2018-12-13,45.270000,44.890000,45.420000,44.650000,536706
2018-12-14,44.360000,43.520000,45.255000,43.430000,727009
2018-12-17,43.470000,43.480000,44.725000,42.650000,891320
2018-12-18,44.050000,43.850000,45.190000,43.673900,1011461
2018-12-19,43.700000,43.010000,44.680000,42.610000,1031724
2018-12-20,43.120000,41.690000,43.500000,40.910000,1011667
2018-12-21,41.590000,40.230000,41.800000,40.110000,1694282
2018-12-24,39.800000,38.720000,40.330000,38.700000,600979
2018-12-26,39.060000,41.720000,41.790000,38.665000,833387
2018-12-27,40.880000,41.750000,41.790000,40.120000,755678
2018-12-28,41.760000,41.290000,42.320000,41.040000,854453
2018-12-31,41.860000,42.590000,42.730000,41.465000,543679
2019-01-02,41.980000,41.935000,43.050000,41.740000,849996
2019-01-03,41.320000,39.790000,41.340000,39.630000,1410858
2019-01-04,40.420000,41.010000,41.440000,40.010000,731603
2019-01-07,41.180000,41.700000,42.840000,40.840000,1082750
2019-01-08,42.370000,44.370000,44.400000,42.370000,1484202
2019-01-09,44.590000,45.420000,45.630000,44.440500,1018042
2019-01-10,45.090000,46.299900,46.360000,44.640000,795790
2019-01-11,46.120000,47.060000,47.330000,45.880000,1062251
2019-01-14,46.640000,46.590000,46.961500,45.500000,853761
2019-01-15,46.670000,47.700000,48.096000,46.600000,1249442
2019-01-16,47.790000,47.670000,48.360000,47.370000,971642
2019-01-17,47.320000,48.310000,48.440000,47.007900,779472
2019-01-18,48.640000,48.425000,48.986500,48.060100,964724
2019-01-22,47.950000,47.070000,47.950000,46.620000,663160
2019-01-23,47.400000,47.500000,48.070000,47.000000,803945
2019-01-24,47.840000,48.580000,48.950000,47.570800,1077112
2019-01-25,49.000000,50.280000,50.810000,48.440000,1740078
2019-01-28,49.160000,49.405000,49.730000,48.290000,1086105
2019-01-29,48.090000,48.040000,48.480000,47.380000,1256298
2019-01-30,48.580000,49.210100,50.070000,48.000000,2311597
2019-01-31,49.000000,50.390000,52.760000,48.530000,3586130
2019-02-01,50.750000,50.480000,51.350000,50.146300,1246911
2019-02-04,50.660000,50.410000,51.130000,50.110000,768624
2019-02-05,50.480000,51.000000,51.170000,50.340000,847867
2019-02-06,51.180000,52.190000,52.330000,50.914900,1214053
2019-02-07,51.660000,50.600000,52.190000,50.139500,1080367
2019-02-08,50.340000,51.040000,51.310000,50.340000,599209
2019-02-11,51.440000,51.785000,51.950200,51.180000,769880
2019-02-12,52.110000,52.130000,52.880000,51.925000,1277893
2019-02-13,52.330000,51.980000,52.460000,51.470000,1390189
2019-02-14,51.720000,52.184200,52.730000,51.410000,672163
2019-02-15,52.610000,52.200000,52.770000,52.050000,819366
2019-02-19,51.860000,50.900000,52.060000,50.850000,1206110
2019-02-20,51.100000,51.750000,51.890000,50.850000,738070
2019-02-21,51.510000,51.780000,52.050000,51.430000,498123
2019-02-22,52.190000,52.540000,52.810000,51.980000,572826
2019-02-25,52.960000,53.500000,54.250000,52.900000,845184
2019-02-26,53.210000,53.770000,53.980000,52.970000,1089053
2019-02-27,53.490000,53.970000,54.120000,53.185000,641750
2019-02-28,53.840000,54.410000,54.810000,53.750000,871708
2019-03-01,54.960000,54.950000,55.070000,54.060000,938521
2019-03-04,55.150000,54.485000,55.260000,53.745900,718020
2019-03-05,54.600000,54.420000,54.600000,54.038800,409371
2019-03-06,54.270000,52.835000,54.270000,52.720000,624049
2019-03-07,52.880000,52.720000,53.100000,52.010000,693844
2019-03-08,52.080000,52.070000,52.560000,51.600000,750831
2019-03-11,52.450000,53.680000,53.870000,52.410000,789820
2019-03-12,53.780000,53.840000,54.250000,53.240000,534530
2019-03-13,53.940000,54.040000,54.701000,53.410100,681748
2019-03-14,54.090000,53.570000,54.150000,53.435000,448360
2019-03-15,55.010000,56.970000,57.510000,54.380000,4342828
2019-03-18,55.380000,56.930000,57.540000,55.250000,3068469
2019-03-19,57.400000,57.270000,57.720000,56.820000,1033191
2019-03-20,58.180000,57.880000,59.173500,57.010000,2311124
2019-03-21,57.910000,59.470000,59.840000,57.762700,1367080
2019-03-22,59.110000,56.510000,59.420000,56.510000,1265747
2019-03-25,56.510000,56.370000,56.990000,55.380000,1609239
2019-03-26,56.960000,55.810000,57.155000,54.940000,1560937
2019-03-27,55.930000,55.640000,56.430000,54.580000,1088133
2019-03-28,55.450000,56.520000,56.685000,55.170000,1536381
2019-03-29,57.050000,57.190000,57.560000,56.860100,661595
2019-04-01,57.910000,59.650000,59.730000,57.360000,869612
2019-04-02,59.450000,60.380000,60.450000,58.810000,1545876
2019-04-03,60.950000,60.890000,61.750000,60.630000,1310455
2019-04-04,61.010000,62.060000,62.100000,60.800000,1476593
2019-04-05,62.250000,62.730000,62.980000,62.150000,905462
2019-04-08,62.650000,62.710000,62.950000,61.700000,1181756
2019-04-09,62.500000,62.570000,62.890000,61.730000,764246
2019-04-10,62.570000,63.680000,63.760000,62.234900,988948
2019-04-11,63.580000,63.310000,64.000000,63.010000,789817
2019-04-12,64.050000,65.010000,65.100000,63.305000,1093471
2019-04-15,65.200000,65.500000,66.000000,65.110000,1156170
2019-04-16,65.580000,66.420000,67.200000,65.580000,1275900
2019-04-17,66.960000,67.200000,67.660000,66.530000,1429061
2019-04-18,66.990000,67.170000,67.700000,65.990000,711306
2019-04-22,66.950000,67.400000,68.100000,66.540000,806429
2019-04-23,67.360000,68.490000,68.740000,67.020000,1563111
2019-04-24,68.720000,68.270000,69.210000,68.250000,985193
2019-04-25,68.180000,67.610000,68.370000,66.970000,1141353
2019-04-26,67.000000,65.480000,67.000000,64.670000,2295359
2019-04-29,65.450000,65.730000,66.445000,65.005000,1380680
2019-04-30,65.590000,66.080000,66.175000,65.250000,1139741
2019-05-01,66.600000,64.770000,66.630000,64.690000,1502450
2019-05-02,57.600000,66.190000,66.435000,57.005000,6393104
2019-05-03,66.140000,68.200000,68.825000,66.140000,2401335
2019-05-06,66.550000,67.150000,67.580000,66.170000,1298416
2019-05-07,66.590000,65.270000,66.605000,63.800000,1664092
2019-05-08,65.130000,64.550000,66.580000,64.490000,1229892
2019-05-09,63.600000,63.180000,64.320000,62.425000,1182724
2019-05-10,62.600000,64.500000,64.630000,62.120000,1265664
2019-05-13,62.390000,60.620000,63.040000,60.400000,1286516
2019-05-14,61.450000,62.600000,62.700000,61.130000,906891
2019-05-15,62.250000,64.520000,64.990000,61.823900,1590590
2019-05-16,64.470000,64.250000,66.290000,64.025500,1508184
2019-05-17,63.650000,63.140000,64.390000,62.940000,880859
2019-05-20,61.160000,57.410000,62.500000,57.340000,2848592
2019-05-21,58.570000,58.880000,59.700000,57.765000,1361607
2019-05-22,58.440000,58.340000,59.890000,58.240000,694064
2019-05-23,57.050000,56.640000,57.620000,55.830000,1429474
2019-05-24,56.940000,57.540000,58.630000,56.900000,780338
2019-05-28,57.970000,57.140000,58.370000,57.100000,871922
2019-05-29,56.200000,56.660000,57.550000,55.110000,875380
2019-05-30,57.060000,56.550000,58.000000,56.145000,848222
2019-05-31,55.560000,55.110000,56.170000,54.475000,1293607
2019-06-04,54.730000,56.270000,56.550000,54.730000,1413020
2019-06-05,56.910000,56.240000,57.385000,55.330000,973649
2019-06-06,56.350000,56.130000,56.800000,55.130000,841471
2019-06-07,56.550000,57.130000,57.340000,56.190000,929992
2019-06-10,57.910000,59.400000,60.160000,57.580000,1321771
2019-06-11,58.250000,58.540000,60.930000,57.880000,2172590
2019-06-12,57.520000,56.820000,58.330000,56.760000,1357519
2019-06-13,57.440000,57.950000,58.120000,56.878500,1794806
2019-06-14,56.930000,54.570000,56.930000,54.500000,3290179
2019-06-17,55.600000,54.630000,56.500000,54.580000,1064989
2019-06-18,54.890000,58.490000,58.800000,54.890000,1544458
2019-06-19,58.970000,57.840000,59.040000,57.310000,732346
2019-06-20,58.960000,57.810000,59.130000,57.060000,644256
2019-06-21,57.500000,57.130000,58.160000,56.870000,864030
2019-06-24,57.100000,57.260000,57.990000,56.880000,593600
2019-06-25,57.060000,55.150000,57.790000,54.880000,1396785
2019-06-26,56.010000,57.280000,57.390000,55.580000,1476089
2019-06-27,57.710000,58.680000,59.560000,57.480000,1070879
2019-06-28,59.060000,56.190000,59.130000,55.890000,3203748
2019-07-01,59.890000,59.310000,60.570000,58.550000,2065146
2019-07-02,58.800000,58.320000,59.280000,58.040000,1393087
2019-07-03,58.440000,59.000000,59.220000,57.960000,853415
2019-07-05,58.320000,59.590000,59.680000,57.700000,838005
2019-07-08,59.050000,59.250000,59.685000,58.790000,1118680
2019-07-09,58.840000,59.950000,60.250000,58.700000,711034
2019-07-10,60.800000,59.720000,61.432600,59.170000,928705
2019-07-11,60.000000,58.460000,60.000000,58.030000,715465
2019-07-12,58.920000,59.750000,60.070000,58.650000,983787
2019-07-15,59.890000,59.770000,60.320000,59.240000,542596
2019-07-16,59.760000,59.230000,59.800000,58.800000,607925
2019-07-17,59.570000,58.220000,59.570000,58.110000,803117
2019-07-18,58.250000,59.360000,59.740000,58.190000,721962
2019-07-19,59.620000,58.180000,59.860000,58.120000,632148
2019-07-22,58.560000,59.630000,59.905800,58.410000,735276
2019-07-23,60.040000,61.400000,61.470000,60.040000,704374
2019-07-24,61.680000,62.270000,62.630000,61.450000,851498
2019-07-25,62.040000,62.010000,62.450000,61.570000,750070
2019-07-26,62.570000,63.050000,63.270000,62.110000,590408
2019-07-29,63.240000,62.380000,63.260000,61.860000,427153
2019-07-30,61.550000,62.680000,62.700000,60.914300,566778
2019-07-31,62.580000,62.210000,62.950000,61.370000,1014424
2019-08-01,62.350000,61.550000,64.950000,60.717200,1279914
2019-08-02,60.950000,60.050000,60.950000,59.034000,580474
2019-08-05,58.020000,56.480000,58.161000,56.060000,1385076
2019-08-06,57.460000,58.730000,59.230000,57.180000,1109411
2019-08-07,57.550000,58.810000,59.140000,57.490000,749799
2019-08-08,59.670000,61.720000,61.750000,59.403200,1201974
2019-08-09,61.120000,58.130000,61.461500,57.690000,1321450
2019-08-12,57.440000,57.430000,58.280000,57.070000,685137
2019-08-13,57.110000,58.390000,59.890000,56.690000,1144429
2019-08-14,56.640000,57.120000,57.830000,56.310000,959779
2019-08-15,57.240000,57.190000,57.930000,56.860000,581049
2019-08-16,57.650000,58.800000,59.000000,57.340000,683459
2019-08-19,60.170000,58.270000,60.660000,58.190000,620839
2019-08-20,58.250000,58.130000,59.130000,57.140000,1536828
2019-08-21,56.220000,49.010000,56.550000,48.240000,11788406
2019-08-22,48.560000,47.789900,50.470000,47.411000,2993473
2019-08-23,46.910000,47.110000,47.900000,45.570000,3965351
2019-08-26,46.050000,43.160000,47.310000,43.071400,5106388
2019-08-27,43.980000,43.890000,44.900000,43.170000,3078703
2019-08-28,43.790000,43.890000,44.520000,43.210000,1117805
2019-08-29,44.390000,44.280000,45.060000,44.170100,1153849
2019-08-30,44.640000,42.940000,44.790000,42.880000,1172662
2019-09-03,42.700000,41.770000,42.940000,41.310000,1589862
2019-09-04,42.360000,42.650000,43.120000,42.090000,1600382
2019-09-05,43.420000,43.620000,44.850000,43.420000,1102481
2019-09-06,43.910000,45.830000,45.920000,43.700000,2738563
2019-09-09,46.200000,47.040000,47.457500,46.140000,2120356
2019-09-10,46.820000,47.550000,47.930000,46.360000,2072016
2019-09-11,47.740000,48.820000,48.890000,46.921600,1510715
2019-09-12,49.360000,50.770000,51.410000,49.205000,2579184
2019-09-13,51.000000,51.920000,52.180000,50.900000,1614733
2019-09-16,51.100000,52.150000,52.790000,50.714500,1202851
2019-09-17,52.100000,51.420000,52.350000,51.360000,1374345
2019-09-18,51.590000,51.240000,51.590000,50.520000,841593
2019-09-19,51.450000,50.850000,51.730000,50.740000,938031
2019-09-20,51.050000,49.730000,51.270000,49.420000,1139912
2019-09-23,50.290000,51.620000,51.930000,49.700000,1108491
2019-09-24,51.540000,50.090000,52.080000,49.790000,836835
2019-09-25,49.910000,50.310000,50.720000,48.870000,1026379
2019-09-26,50.450000,49.035000,50.500000,49.010000,1008941
2019-09-27,48.790000,48.180000,49.265000,47.800000,1067243
2019-09-30,48.640000,49.010000,49.110000,48.070000,775322
2019-10-01,50.750000,49.240000,52.090000,48.990000,1847675
2019-10-02,47.480000,47.500000,48.360000,47.250000,1340962
2019-10-03,47.580000,48.660000,48.850000,46.010000,1004004
2019-10-04,48.990000,49.690000,49.710000,48.770000,1081425
2019-10-07,49.580000,49.470000,50.180000,49.060000,1143452
2019-10-08,48.590000,45.645000,48.940000,45.580000,2889696
2019-10-09,46.190000,46.930000,47.240000,45.730000,1869326
2019-10-10,46.880000,47.630000,48.430000,46.450000,1481919
2019-10-11,48.430000,47.570000,49.120000,47.500000,4558722
2019-10-14,47.260000,46.270000,47.580000,45.420000,3121702
2019-10-15,46.360000,48.690000,49.200000,46.210000,2528100
2019-10-16,48.470000,47.370000,48.650000,47.230000,1880843
2019-10-17,46.500000,46.400000,47.490000,45.850000,2589653
2019-10-18,46.150000,44.360000,46.480000,44.150000,3616972
2019-10-21,44.000000,44.590000,45.530000,43.729000,1457088
2019-10-22,44.600000,44.890000,45.440000,44.210000,724621
2019-10-23,44.240000,44.530000,45.380000,44.060000,879278
2019-10-24,45.000000,45.150000,45.650000,43.290000,1609811
2019-10-25,45.450000,46.010000,46.190000,44.910000,716925
2019-10-28,46.760000,48.010000,49.060000,46.280000,1730808
2019-10-29,48.110000,48.290000,48.780000,48.010000,1178555
2019-10-30,48.500000,48.090000,48.880000,47.830000,1888921
2019-10-31,44.720000,47.723900,48.750000,40.460000,6352414
2019-11-01,46.360000,46.000000,46.750000,44.860000,2281001
2019-11-04,46.800000,49.340000,49.440000,46.240000,1821759
2019-11-05,50.110000,51.080000,51.350000,49.250000,1642706
2019-11-06,50.560000,49.830000,50.880000,49.230000,954777
2019-11-07,50.390000,49.120000,50.940000,48.860000,683665
2019-11-08,48.650000,49.390000,49.450000,48.250000,684974
2019-11-11,48.880000,48.920000,49.210000,48.490000,544647
2019-11-12,49.080000,48.600000,49.560000,48.330000,600865
2019-11-13,48.230000,47.470000,48.340000,47.380000,814965
2019-11-14,47.310000,47.420000,47.489500,46.190000,819105
2019-11-15,48.020000,48.745000,48.900000,47.190000,1049441
2019-11-18,48.680000,47.570000,48.750000,46.980000,1611013
2019-11-19,48.760000,47.970000,48.760000,46.800000,1253763
2019-11-20,47.960000,44.110000,48.400000,43.830000,1847797
2019-11-21,44.040000,44.110000,44.660000,43.770000,1907394
2019-11-22,44.070000,45.900000,45.970000,44.060000,1300956
2019-11-25,46.240000,46.180000,46.860000,46.000000,789376
2019-11-26,46.160000,44.940000,46.200000,44.870000,853276
2019-11-27,44.950000,45.010000,45.260000,44.690000,561006
2019-11-29,44.950000,44.220000,45.030000,44.150000,373680
2019-12-02,44.130000,42.900000,44.130000,42.690000,1225400
2019-12-03,41.860000,42.560000,42.882900,41.740000,862163
2019-12-04,43.040000,43.500000,43.920000,43.000000,652770
2019-12-05,43.580000,43.660000,44.168800,43.170000,650704
2019-12-06,44.290000,44.620000,44.850000,44.170000,957003
2019-12-09,44.500000,43.320000,44.850000,43.240000,903995
2019-12-10,43.410000,43.700000,44.260000,43.100000,1129978
2019-12-11,44.060000,45.380000,45.550000,44.003700,860650
2019-12-12,45.460000,46.070000,46.470000,45.125000,1382082
2019-12-13,46.140000,45.390000,47.230000,45.235000,750591
2019-12-16,45.660000,45.330000,46.480000,45.175000,1106302
2019-12-17,45.510000,46.250000,46.330000,45.270000,909030
2019-12-18,46.230000,47.280000,47.920000,45.880000,1874559
2019-12-19,47.140000,47.870000,47.910000,46.190000,879759
2019-12-20,48.120000,48.120000,48.660000,47.895000,1298341
2019-12-23,48.330000,47.450000,48.450000,47.240000,600519
2019-12-24,47.450000,47.320000,47.490000,46.960000,178208
2019-12-26,47.360000,47.475000,47.640000,47.180000,316877
2019-12-27,47.700000,46.950000,47.767600,46.830100,375094
2019-12-30,46.900000,46.480000,46.940000,45.760000,602227
2019-12-31,46.160000,46.150000,46.680000,46.034000,408369
2020-01-02,46.900000,46.500000,46.900000,45.600000,984201
2020-01-03,45.640000,45.570000,46.160000,45.300000,782693
