Date, Open, Close, High, Low, Volume
2018-01-02,26.180000,26.110000,26.250000,26.110000,118829
2018-01-03,26.100000,26.220000,26.220000,26.100000,78388
2018-01-04,26.320000,26.820000,26.857400,26.320000,262231
2018-01-05,27.100000,26.730000,27.110000,26.730000,113961
2018-01-08,26.940000,27.080000,27.180000,26.850000,180556
2018-01-09,27.160000,27.210000,27.330000,27.040000,476428
2018-01-10,27.200000,26.940000,27.200000,26.870000,73081
2018-01-11,27.100000,27.310000,27.340000,26.940000,117513
2018-01-12,27.180000,27.200000,27.380000,27.142000,66738
2018-01-16,27.100000,26.869800,27.100000,26.820000,99799
2018-01-17,27.350000,27.350000,27.499900,27.280000,101555
2018-01-18,27.300000,27.150000,27.390000,27.130000,50679
2018-01-19,27.260000,27.800000,27.850000,27.247000,132029
2018-01-22,27.790000,27.740000,27.821900,27.620000,90457
2018-01-23,27.810000,28.250000,28.260000,27.700000,104095
2018-01-24,28.320000,27.980000,28.320000,27.880700,92452
2018-01-25,28.070000,28.010000,28.160000,27.990100,72773
2018-01-26,28.160000,27.940000,28.160000,27.900000,67610
2018-01-29,27.820000,27.490000,27.900000,27.450100,122928
2018-01-30,27.320000,27.110000,27.440000,27.050000,96090
2018-01-31,27.230000,27.200000,27.300000,27.010000,207482
2018-02-01,27.200000,27.070000,27.240000,27.020000,126947
2018-02-02,26.660000,26.370000,26.740000,26.290000,249977
2018-02-05,26.010000,26.100000,26.519900,25.930000,295218
2018-02-06,25.730000,26.480000,26.500000,25.600000,217198
2018-02-07,26.280000,26.090000,26.459900,26.060000,90932
2018-02-08,26.160000,25.250000,26.242800,25.200000,199642
2018-02-09,25.500000,25.580000,25.670000,25.010000,353492
2018-02-12,25.910000,25.970000,26.054600,25.720000,94011
2018-02-13,25.970000,25.970000,26.020000,25.917500,34965
2018-02-14,25.830000,26.258000,26.290000,25.830000,107730
2018-02-15,26.310000,26.230000,26.310000,26.117600,56695
2018-02-16,25.900000,25.910000,25.990000,25.750000,78982
2018-02-20,25.610000,25.760000,25.770000,25.560000,80111
2018-02-21,25.880000,25.550000,25.885300,25.530000,173046
2018-02-22,25.600000,25.710000,25.750000,25.562700,95173
2018-02-23,26.050000,25.990000,26.060000,25.890000,90860
2018-02-26,26.150000,26.080000,26.150000,25.950000,68436
2018-02-27,26.010000,25.820000,26.010000,25.742900,63514
2018-02-28,25.700000,25.750000,25.840000,25.600000,126233
2018-03-01,25.740000,25.490000,25.740000,25.420000,73337
2018-03-02,25.350000,25.559900,25.570000,25.254900,101944
2018-03-05,25.460000,25.485000,25.570000,25.420100,76858
2018-03-06,25.260000,25.340000,25.500000,25.210000,108978
2018-03-07,25.210000,25.100000,25.240000,25.090000,61770
2018-03-08,25.290000,25.370000,25.420000,25.178600,86667
2018-03-09,25.390000,25.430000,25.480000,25.271000,66190
2018-03-12,25.710000,25.890000,25.890000,25.673700,64677
2018-03-13,25.870000,25.600000,25.950000,25.590000,93120
2018-03-14,25.670000,25.550000,25.670000,25.430000,85245
2018-03-15,25.520000,25.400000,25.530000,25.330000,74077
2018-03-16,25.190000,25.110000,25.219900,25.050000,113967
2018-03-19,24.950000,24.720000,24.950000,24.600000,89279
2018-03-20,24.810000,24.740000,24.948300,24.720000,83069
2018-03-21,24.890000,24.900000,24.980000,24.860000,123853
2018-03-22,24.700000,24.440000,24.756600,24.400000,77147
2018-03-23,24.540000,24.230000,24.540000,24.230000,102735
2018-03-26,24.820000,24.720000,24.820000,24.690000,84110
2018-03-27,24.810000,24.490000,24.810000,24.450000,103003
2018-03-28,24.380000,24.470000,24.560000,24.300000,78159
2018-03-29,24.550000,24.620000,24.810000,24.410000,104072
2018-04-02,24.650000,24.650000,24.750000,24.510000,78143
2018-04-03,24.980000,24.920000,25.000000,24.820000,71785
2018-04-04,24.700000,24.990000,24.990000,24.618400,61227
2018-04-05,25.330000,25.470000,25.560000,25.270000,69310
2018-04-06,25.450000,25.310000,25.480000,25.300000,106748
2018-04-09,25.580000,25.520000,25.580000,25.470000,62617
2018-04-10,25.620000,25.620000,25.630000,25.530000,68339
2018-04-11,25.600000,25.610000,25.710000,25.510000,59723
2018-04-12,25.660000,25.530000,25.660000,25.510000,141885
2018-04-13,25.610000,25.540000,25.623000,25.520000,65416
2018-04-16,25.560000,25.570000,25.660500,25.540000,54507
2018-04-17,25.600000,25.590000,25.740000,25.540000,113876
2018-04-18,25.680000,25.600000,25.760000,25.550000,106543
2018-04-19,24.940000,24.750000,24.940000,24.630000,99675
2018-04-20,24.720000,24.790000,24.810000,24.710000,101468
2018-04-23,24.830000,24.830000,24.899000,24.763200,47967
2018-04-24,24.870000,24.800000,25.030000,24.790000,56517
2018-04-25,24.860000,24.720000,24.860000,24.640000,59000
2018-04-26,24.870000,24.940000,25.000000,24.770000,64245
2018-04-27,25.010000,25.030000,25.120000,24.850000,89552
2018-04-30,25.210000,25.220000,25.360000,25.070000,164199
2018-05-01,25.150000,25.180000,25.207000,24.940000,116006
2018-05-02,25.170000,25.070000,25.200000,25.050000,48923
2018-05-03,24.980000,25.000000,25.060000,24.920000,70755
2018-05-04,24.810000,24.960000,25.040000,24.760000,100368
2018-05-07,25.000000,25.020000,25.080000,25.000000,54726
2018-05-08,24.990000,24.960000,25.040000,24.860000,64269
2018-05-09,24.950000,24.920000,24.980000,24.910000,39595
2018-05-10,24.860000,24.920000,25.010000,24.830000,40180
2018-05-11,24.950000,24.760000,24.999000,24.700000,36885
2018-05-14,24.740000,24.660000,24.785300,24.650000,45983
2018-05-15,24.500000,24.450000,24.553800,24.400000,89636
2018-05-16,24.470000,24.660000,24.740000,24.470000,52126
2018-05-17,24.690000,24.390000,24.690000,24.350000,73462
2018-05-18,24.240000,24.260000,24.329900,24.170000,86692
2018-05-21,24.500000,24.170000,24.500000,24.140000,138209
2018-05-22,24.210000,24.180000,24.225000,24.159600,63981
2018-05-23,24.180000,24.090000,24.180000,23.930000,54162
2018-05-24,24.110000,24.210000,24.225600,24.110000,52591
2018-05-25,24.350000,24.570000,24.600000,24.350000,37334
2018-05-29,24.590000,24.410000,24.629000,24.301300,46284
2018-05-30,24.430000,24.650000,24.680000,24.430000,64122
2018-05-31,24.800000,24.690000,24.800000,24.600000,40832
2018-06-01,24.700000,24.810000,24.810000,24.631600,49761
2018-06-04,24.690000,24.660000,24.704000,24.621800,48769
2018-06-05,24.520000,24.560000,24.600000,24.470000,43522
2018-06-06,24.720000,24.850000,24.870000,24.720000,49702
2018-06-07,24.910000,24.620000,24.919300,24.610000,43985
2018-06-08,24.690000,24.795000,24.810000,24.690000,72695
2018-06-11,24.860000,24.770000,24.860000,24.770000,50853
2018-06-12,24.930000,24.980000,25.029900,24.927400,41492
2018-06-13,24.990000,24.870000,25.069900,24.870000,68185
2018-06-14,24.940000,24.930000,25.000000,24.890000,29205
2018-06-15,24.880000,24.920000,24.920000,24.800000,21258
2018-06-18,24.930000,24.840000,24.930000,24.750100,28870
2018-06-19,24.660000,24.639000,24.690000,24.550000,59061
2018-06-20,24.190000,24.050000,24.200000,24.010000,70698
2018-06-21,23.930000,23.900000,24.217300,23.900000,87203
2018-06-22,24.160000,24.020000,24.225000,23.970000,69226
2018-06-25,23.920000,23.900000,24.000000,23.900000,108598
2018-06-26,23.960000,24.000000,24.050000,23.900000,62692
2018-06-27,24.030000,23.970000,24.120000,23.940000,95102
2018-06-28,23.900000,23.830000,23.900000,23.710000,102800
2018-06-29,24.060000,24.260000,24.310000,24.060000,87244
2018-07-02,24.210000,24.160000,24.250000,23.970000,124685
2018-07-03,24.330000,24.300000,24.370000,24.240000,31930
2018-07-05,24.310000,24.080000,24.310000,24.070000,70239
2018-07-06,24.110000,24.310000,24.350000,24.110000,30032
2018-07-09,24.410000,24.490000,24.570000,24.410000,76862
2018-07-10,24.620000,24.657900,24.750000,24.610000,65143
2018-07-11,24.550000,24.391000,24.629900,24.390000,54224
2018-07-12,24.610000,24.640000,24.690000,24.610000,35626
2018-07-13,24.600000,24.640000,24.715000,24.510000,26787
2018-07-16,24.450000,24.540000,24.540000,24.420000,23384
2018-07-17,24.660000,24.750000,24.880000,24.660000,56915
2018-07-18,24.630000,24.700000,24.730000,24.536500,35514
2018-07-19,24.580000,24.560000,24.600000,24.450000,31381
2018-07-20,24.620000,24.720000,24.730000,24.620000,30210
2018-07-23,24.750000,24.810000,24.810000,24.700000,20874
2018-07-24,24.910000,24.920000,24.980000,24.870000,29654
2018-07-25,24.780000,25.450000,25.465000,24.780000,158320
2018-07-26,25.310000,25.300000,25.388000,25.177400,41209
2018-07-27,25.580000,25.510000,25.694000,25.450000,64409
2018-07-30,25.590000,25.460000,25.680100,25.460000,59920
2018-07-31,25.500000,25.490000,25.680000,25.480000,112210
2018-08-01,25.670000,25.660000,25.690000,25.580000,108025
2018-08-02,25.450000,25.350000,25.470000,25.215000,61477
2018-08-03,25.510000,25.530000,25.600000,25.490000,39348
2018-08-06,25.500000,25.440000,25.510000,25.363200,29964
2018-08-07,25.330000,25.352000,25.460000,25.330000,57762
2018-08-08,25.430000,25.510000,25.540000,25.380000,47605
2018-08-09,25.420000,25.400000,25.500000,25.388800,26626
2018-08-10,25.280000,25.110000,25.300000,25.110000,60936
2018-08-13,25.040000,24.940000,25.108000,24.850000,61967
2018-08-14,24.940000,25.020000,25.060000,24.920000,29316
2018-08-15,24.800000,24.520000,24.830000,24.300000,108354
2018-08-16,24.610000,24.850000,24.995000,24.610000,77537
2018-08-17,24.780000,24.790000,24.910000,24.680000,49414
2018-08-20,24.890000,24.930500,24.980000,24.760000,75996
2018-08-21,24.960000,25.210400,25.329800,24.960000,76271
2018-08-22,25.160000,25.160000,25.285000,25.130000,59520
2018-08-23,25.130000,24.940000,25.130000,24.880000,59884
2018-08-24,25.020000,25.250000,25.350000,25.020000,55085
2018-08-27,25.410000,25.490000,25.632500,25.410000,64681
2018-08-28,25.510000,25.400000,25.510000,25.400000,29112
2018-08-29,25.340000,25.340000,25.438400,25.220000,57405
2018-08-30,25.350000,25.090000,25.350000,24.990000,65805
2018-08-31,25.200000,25.500000,25.500000,25.200000,36056
2018-09-04,25.080000,24.960000,25.120000,24.810000,136754
2018-09-05,24.760000,24.590000,24.760000,24.550000,75216
2018-09-06,24.510000,24.568400,24.611700,24.450000,38131
2018-09-07,24.540000,24.510000,24.640000,24.450000,30433
2018-09-10,24.400000,24.260000,24.400000,24.260000,45132
2018-09-11,24.110000,23.970000,24.110000,23.860000,117958
2018-09-12,24.020000,24.060000,24.140000,23.970000,70645
2018-09-13,24.270000,24.295000,24.390000,24.249300,138012
2018-09-14,24.350000,24.260000,24.399000,24.250000,68817
2018-09-17,24.200000,24.070000,24.200000,24.060000,108308
2018-09-18,23.970000,23.920000,24.050000,23.810400,139709
2018-09-19,23.930000,23.860000,23.980300,23.809000,169602
2018-09-20,23.970000,23.890500,23.970000,23.770000,200797
2018-09-21,22.880000,22.830000,23.040000,22.696000,232037
2018-09-24,22.550000,22.590000,22.625000,22.300100,209128
2018-09-25,22.660000,22.430000,22.660000,22.420000,126936
2018-09-26,22.440000,22.600000,22.660000,22.400000,72894
2018-09-27,22.490000,22.390000,22.500000,22.350000,106083
2018-09-28,22.330000,22.110000,22.605000,22.090000,287468
2018-10-01,22.250000,22.220000,22.255000,22.130000,223843
2018-10-02,22.110000,22.070000,22.130000,21.960000,167007
2018-10-03,22.000000,22.010000,22.150000,21.900000,229293
2018-10-04,21.760000,21.640000,21.880000,21.460400,340034
2018-10-05,21.330000,21.030000,21.340000,21.010000,285903
2018-10-08,20.890000,20.720000,21.050000,20.620000,153667
2018-10-09,20.620000,20.380000,20.630000,20.310000,147986
2018-10-10,20.510000,20.180000,20.579900,20.140000,199245
2018-10-11,20.130000,20.420000,20.540000,20.130000,138222
2018-10-12,20.800000,21.020000,21.240000,20.620000,116799
2018-10-15,20.940000,20.900000,21.010000,20.780000,65171
2018-10-16,21.110000,21.330000,21.355300,20.750000,166125
2018-10-17,20.990000,20.860000,20.990000,20.664200,167039
2018-10-18,20.710000,20.540000,20.830000,20.530000,204097
2018-10-19,20.670000,20.690000,20.780000,20.610000,54122
2018-10-22,20.590000,20.670000,20.830000,20.500000,117341
2018-10-23,20.400000,20.360000,20.450000,20.280000,69416
2018-10-24,20.400000,20.130000,20.400000,20.120000,56425
2018-10-25,20.300000,20.140000,20.300000,20.060000,84677
2018-10-26,20.010000,19.920000,20.099900,19.660000,99005
2018-10-29,20.140000,19.850000,20.280000,19.720000,124742
2018-10-30,19.790000,20.030000,20.100000,19.720100,89041
2018-10-31,20.190000,20.025000,20.330000,20.000000,56307
2018-11-01,20.210000,20.410000,20.520000,20.154700,70589
2018-11-02,20.590000,20.980000,21.030000,20.523500,105779
2018-11-05,20.980000,20.840000,20.980000,20.750000,77965
2018-11-06,20.640000,20.510000,20.790000,20.400000,174810
2018-11-07,20.710000,21.087200,21.100000,20.710000,77580
2018-11-08,21.040000,20.845000,21.040000,20.818200,113594
2018-11-09,20.800000,20.800000,20.866300,20.735300,56345
2018-11-12,20.740000,20.565000,20.740000,20.540000,71418
2018-11-13,20.640000,20.930000,20.960000,20.620000,86235
2018-11-14,20.950000,21.140000,21.160000,20.850000,129845
2018-11-15,21.210000,21.370000,21.540000,21.140000,73879
2018-11-16,21.330000,21.500000,21.550000,21.270300,55606
2018-11-19,21.550000,21.380000,21.766300,21.380000,77880
2018-11-20,21.250000,21.290000,21.390000,21.170000,109547
2018-11-21,21.420000,21.450000,21.580000,21.320000,93605
2018-11-23,21.270000,21.310000,21.390000,21.260200,32054
2018-11-26,21.450000,21.403200,21.569900,21.343000,54242
2018-11-27,21.440000,21.573200,21.700000,21.430000,114824
2018-11-28,21.750000,21.795000,21.890000,21.613200,191684
2018-11-29,22.000000,22.200000,22.300000,21.884600,117314
2018-11-30,22.270000,22.370000,22.380000,22.260000,79598
2018-12-03,22.590000,22.600000,22.650000,22.300000,138154
2018-12-04,22.500000,22.366800,22.500000,22.360000,67085
2018-12-06,21.820000,22.200000,22.210000,21.659800,76457
2018-12-07,22.070000,21.640000,22.080000,21.610000,113876
2018-12-10,21.130000,20.990000,21.138700,20.820000,109168
2018-12-11,21.440000,21.380000,21.810000,21.370000,116634
2018-12-12,21.720000,21.900000,22.000000,21.520000,126838
2018-12-13,21.940000,21.850000,22.155200,21.840000,77479
2018-12-14,21.630000,21.710000,21.757800,21.630000,50167
2018-12-17,21.820000,21.520000,21.980000,21.450000,201774
2018-12-18,21.880000,21.910000,22.130000,21.860000,75871
2018-12-19,22.110000,21.710000,22.220000,21.650000,135561
2018-12-20,21.840000,21.820000,22.130000,21.640000,379395
2018-12-21,21.610000,21.600000,21.722200,21.560000,233359
2018-12-24,21.710000,21.660000,21.740000,21.570000,136181
2018-12-26,21.700000,22.220000,22.270000,21.580000,116362
2018-12-27,22.000000,22.180000,22.210000,21.920000,297749
2018-12-28,20.020000,20.190000,20.200000,19.935000,212717
2018-12-31,20.240000,20.226800,20.497500,20.130000,350928
2019-01-02,20.040000,20.220600,20.250000,20.040000,63389
2019-01-03,20.080000,20.100000,20.120000,19.910000,77800
2019-01-04,20.180000,20.440000,20.650000,20.180000,77700
2019-01-07,20.530000,20.505000,20.530000,20.430000,93369
2019-01-08,20.520000,21.200000,21.340000,20.520000,265482
2019-01-09,21.090000,21.068000,21.090000,20.932300,102132
2019-01-10,21.200000,21.200000,21.350000,20.970000,158787
2019-01-11,21.150000,21.300000,21.390000,21.090000,340672
2019-01-14,21.150000,20.960000,21.150000,20.960000,65347
2019-01-15,21.080000,21.020000,21.190800,20.970000,78886
2019-01-16,20.990000,21.040000,21.302800,20.990000,275193
2019-01-17,21.050000,20.960000,21.050000,20.800000,53343
2019-01-18,20.970000,20.915000,20.970000,20.760000,75000
2019-01-22,20.840000,20.360000,20.900000,20.340000,131115
2019-01-23,20.360000,20.415000,20.520000,20.290000,52593
2019-01-24,20.470000,20.500000,20.550000,20.360000,84669
2019-01-25,20.440000,20.515500,20.530000,20.406600,47452
2019-01-28,20.270000,20.180000,20.290000,20.009900,55664
2019-01-29,20.180000,20.120000,20.190000,20.040000,65429
2019-01-30,20.150000,20.296000,20.310000,20.070000,101944
2019-01-31,20.410000,20.510000,20.550000,20.350000,72909
2019-02-01,20.390000,20.500000,20.700000,20.350000,86994
2019-02-04,20.510000,20.597900,20.670000,20.444600,73235
2019-02-05,20.700000,20.710000,20.840000,20.530000,94037
2019-02-06,20.820000,20.730000,20.820000,20.640000,38161
2019-02-07,20.790000,21.000000,21.070000,20.760000,73930
2019-02-08,20.810000,20.605000,20.810000,20.520000,46461
2019-02-11,20.570000,20.590000,20.630000,20.460300,45781
2019-02-12,20.660000,20.820000,20.820000,20.580000,67928
2019-02-13,20.570000,20.480000,20.750000,20.324000,131958
2019-02-14,20.380000,20.500000,20.560000,20.334400,46484
2019-02-15,20.310000,20.280000,20.380000,20.280000,66653
2019-02-20,20.200000,20.270000,20.300000,20.150000,127088
2019-02-21,20.250000,20.200000,20.360000,20.180000,64311
2019-02-22,20.250000,20.390000,20.435100,20.230000,51217
2019-02-25,20.490000,20.560000,20.610000,20.490000,58127
2019-02-26,20.390000,20.420000,20.510000,20.350000,50224
2019-02-27,20.310000,20.450000,20.450000,20.242300,48355
2019-02-28,20.500000,20.442200,20.510900,20.350000,66980
2019-03-01,20.430000,20.420000,20.520000,20.381000,66332
2019-03-04,20.470000,20.430000,20.500000,20.370000,60173
2019-03-05,20.610000,20.780000,20.790000,20.504900,106462
2019-03-06,20.755500,20.750000,20.870000,20.710000,74680
2019-03-07,20.730000,20.560000,20.770000,20.510000,50351
2019-03-08,20.580000,20.660000,20.730000,20.480000,54165
2019-03-11,20.890000,21.302200,21.320000,20.890000,143045
2019-03-12,21.460000,21.650000,21.650000,21.340000,75293
2019-03-13,21.550000,21.500000,21.620000,21.410000,109457
2019-03-14,21.500000,21.460000,21.571000,21.450000,116681
2019-03-15,21.650900,21.670000,21.729400,21.610000,64443
2019-03-18,21.730000,21.820000,21.880000,21.730000,118332
2019-03-19,21.850000,21.750000,21.870000,21.730000,109430
2019-03-20,21.110000,21.549900,21.590000,21.110000,65642
2019-03-21,21.510000,21.420000,21.510000,21.270000,69078
2019-03-22,21.060000,21.020000,21.070000,21.020000,1923
2019-03-25,20.970000,21.150000,21.190000,20.970000,82864
2019-03-26,21.250000,21.100000,21.250000,21.010000,57230
2019-03-27,21.120000,21.170000,21.200000,21.061500,54697
2019-03-28,21.240000,21.345000,21.350000,21.211000,69930
2019-03-29,21.550000,21.370000,21.550000,21.370000,91019
2019-04-01,21.670000,21.670000,21.700000,21.400000,67358
2019-04-02,21.700000,21.440000,21.729900,21.420000,83117
2019-04-03,21.470000,21.470000,21.570000,21.470000,71876
2019-04-04,21.400000,21.390000,21.400000,21.330000,52760
2019-04-05,21.410000,21.470000,21.482600,21.360000,42484
2019-04-08,21.300000,21.210000,21.320300,21.210000,64111
2019-04-09,21.260000,21.230000,21.348700,21.230000,51892
2019-04-10,21.230000,21.370000,21.430000,21.230000,62804
2019-04-11,21.350000,21.390000,21.420000,21.330000,65667
2019-04-12,21.380000,21.550000,21.570000,21.380000,86691
2019-04-15,21.540000,21.680000,21.850000,21.500000,104608
2019-04-16,21.790000,21.730000,21.840000,21.620000,77880
2019-04-17,21.780000,21.780000,21.800000,21.672000,43504
2019-04-18,21.790000,21.790000,21.815000,21.760000,84565
2019-04-22,21.620000,21.560000,21.630000,21.390000,211708
2019-04-23,21.640000,21.560000,21.640000,21.560000,63258
2019-04-24,21.700000,21.550000,21.710000,21.500000,156652
2019-04-25,21.530000,21.230000,21.530000,21.230000,109720
2019-04-26,21.390000,21.410000,21.410000,21.230000,98826
2019-04-29,21.280000,21.210000,21.331100,21.180000,86561
2019-04-30,21.230000,21.170000,21.264200,21.140000,72141
2019-05-01,21.300000,21.070000,21.380000,21.070000,87444
2019-05-02,21.100000,21.060000,21.320000,21.050000,94883
2019-05-03,21.120000,21.210000,21.340000,21.120000,109927
2019-05-06,21.070000,21.150000,21.207700,21.010000,117794
2019-05-07,21.000000,20.840000,21.042000,20.760000,118385
2019-05-08,20.770000,20.810000,20.900000,20.670000,67496
2019-05-09,20.640000,20.670000,20.740000,20.370000,109484
2019-05-10,20.630000,20.670000,20.699900,20.560000,53199
2019-05-13,20.530000,20.220000,20.540000,20.070000,83418
2019-05-14,20.420000,20.460000,20.580000,20.280000,115487
2019-05-15,20.480000,20.420000,20.494600,20.250000,73777
2019-05-16,20.560000,20.480000,20.560000,20.400000,81621
2019-05-17,20.510000,20.630000,20.699900,20.510000,62617
2019-05-20,21.280000,21.320000,21.500000,21.170000,129694
2019-05-21,21.380000,21.420000,21.451300,21.210000,160435
2019-05-22,21.390000,21.440000,21.500000,21.390000,64701
2019-05-23,21.420000,21.210000,21.487900,21.120000,184234
2019-05-24,21.470000,21.490000,21.690000,21.380000,207973
2019-05-28,21.640000,21.620000,21.666400,21.510000,99037
2019-05-29,21.570000,21.540000,21.570000,21.380000,87278
2019-05-30,21.500000,21.660000,21.758500,21.500000,117006
2019-05-31,21.620000,21.750000,21.765300,21.570000,86980
2019-06-04,22.060000,22.000000,22.060000,21.861000,84412
2019-06-05,22.040000,21.970000,22.040000,21.860000,73327
2019-06-06,21.840000,21.820000,21.884300,21.540000,77326
2019-06-07,21.860000,21.790000,21.906800,21.760000,62705
2019-06-10,21.760000,21.810000,21.834200,21.670000,55660
2019-06-11,21.820000,21.850000,21.929900,21.770000,54105
2019-06-12,21.870000,21.760000,21.870000,21.760000,61378
2019-06-13,21.810000,21.730000,21.936000,21.710000,46475
2019-06-14,21.590000,21.600000,21.680000,21.560000,97982
2019-06-17,21.490000,21.410000,21.680000,21.380000,156150
2019-06-18,21.530000,21.540000,21.570000,21.420000,95084
2019-06-19,21.520000,21.510000,21.550000,21.430000,99264
2019-06-20,21.110000,21.060000,21.220000,21.010000,172461
2019-06-21,20.990000,20.960000,21.050000,20.920000,44026
2019-06-24,20.870000,20.960000,20.980300,20.870000,47058
2019-06-25,20.990000,20.990000,21.150000,20.970000,91272
2019-06-26,21.130000,21.240000,21.320000,21.130000,70556
2019-06-27,21.390000,21.310000,21.400000,21.210000,53565
2019-06-28,21.337500,21.280000,21.400000,21.200000,57492
2019-07-01,21.490000,21.550000,21.640000,21.390000,148929
2019-07-02,21.600000,21.620000,21.630000,21.578400,62634
2019-07-03,21.570000,21.570000,21.620000,21.550000,35917
2019-07-05,21.550000,21.520000,21.560000,21.350000,50826
2019-07-08,21.270000,21.220000,21.290000,21.160000,64137
2019-07-09,21.170000,21.140000,21.240000,21.122900,61515
2019-07-10,21.160000,21.160000,21.220000,21.130000,50757
2019-07-11,21.190000,21.120000,21.190000,21.065000,46424
2019-07-12,21.200000,21.180000,21.220000,21.150000,72470
2019-07-15,21.210000,21.260000,21.390000,21.210000,59712
2019-07-16,21.250000,21.350000,21.380000,21.250000,55069
2019-07-17,21.360000,21.370000,21.430000,21.320000,47938
2019-07-18,21.260000,21.330000,21.350000,21.180000,66123
2019-07-19,21.180000,20.960000,21.180000,20.960000,99502
2019-07-22,20.950000,20.870000,20.999900,20.850000,70888
2019-07-23,20.840000,20.790000,20.850000,20.700200,69075
2019-07-24,20.740000,20.780000,20.910000,20.740000,67760
2019-07-25,20.720000,20.760000,20.820000,20.665000,53341
2019-07-26,20.950000,20.870000,20.950000,20.800000,62498
2019-07-29,20.750000,20.790000,20.920000,20.720000,43166
2019-07-30,20.700000,20.622300,20.720000,20.590000,52691
2019-07-31,20.730000,20.550000,20.780000,20.420000,60310
2019-08-01,20.500000,20.500000,20.640000,20.460000,153118
2019-08-02,20.500000,20.350000,20.550000,20.300000,144786
2019-08-05,20.150000,19.950000,20.200000,19.880000,150512
2019-08-06,20.180000,20.220000,20.281500,20.010000,66474
2019-08-07,20.020000,20.020000,20.100000,19.905000,123276
2019-08-08,20.250000,20.540000,20.650000,20.210000,104449
2019-08-09,20.370000,20.350000,20.530000,20.300000,96259
2019-08-12,20.300000,20.269500,20.380000,20.230000,27524
2019-08-13,20.150000,20.180000,20.390000,19.960000,115171
2019-08-14,19.940000,19.870000,20.056600,19.840000,109234
2019-08-15,19.840000,19.890000,20.030000,19.760000,117866
2019-08-16,20.050000,20.180000,20.233200,20.050000,40490
2019-08-19,20.250000,19.950000,20.250000,19.920000,88378
2019-08-20,19.910000,19.900000,19.990000,19.870000,84772
2019-08-21,19.920000,19.990000,20.020000,19.900000,61068
2019-08-22,19.820000,19.740000,19.860000,19.710000,85236
2019-08-23,19.910000,19.860000,20.022700,19.850000,77831
2019-08-26,19.950000,19.970000,20.028900,19.860000,81077
2019-08-27,20.050000,20.090000,20.170000,20.050000,74676
2019-08-28,19.990000,19.890000,20.010000,19.860000,81806
2019-08-29,19.870000,19.870000,19.930000,19.850000,134234
2019-08-30,20.070000,20.010000,20.070000,19.910000,58922
2019-09-03,19.740000,19.510000,19.754200,19.410000,177513
2019-09-04,19.570000,19.590000,19.630000,19.560000,164119
2019-09-05,19.710000,19.660000,19.780000,19.650000,66172
2019-09-06,19.810000,19.790000,19.880000,19.730000,56584
2019-09-09,19.850000,19.840000,19.900000,19.780000,59592
2019-09-10,19.850000,19.830000,19.900000,19.770000,45535
2019-09-11,19.910000,19.950000,19.990000,19.860000,131817
2019-09-12,20.000000,20.000000,20.069300,19.930000,84436
2019-09-13,20.100000,20.270000,20.270000,20.100000,36899
2019-09-16,20.090000,19.940000,20.140000,19.920000,101384
2019-09-17,19.800000,19.950000,19.980000,19.750000,133975
2019-09-18,20.110000,20.000000,20.130000,19.892300,128834
2019-09-19,20.000000,19.930000,20.000000,19.810000,151811
2019-09-20,20.280000,20.100000,20.350000,20.041100,182287
2019-09-23,20.270000,20.680000,20.750000,20.260000,202651
2019-09-24,20.750000,20.514800,20.750000,20.490000,142446
2019-09-25,20.390000,20.370000,20.450000,20.240000,127569
2019-09-26,20.620000,20.540000,20.620000,20.450000,111109
2019-09-27,20.600000,20.490000,20.620000,20.395000,71395
2019-09-30,20.610000,20.530000,20.610000,20.480000,87139
2019-10-01,20.300000,20.340000,20.590000,20.200000,140175
2019-10-02,20.310000,20.220000,20.310000,20.110000,64380
2019-10-03,20.220000,20.290000,20.310000,20.200000,51659
2019-10-04,20.120000,20.085000,20.150000,20.010000,65363
2019-10-07,19.910000,19.880000,19.940000,19.810000,95321
2019-10-08,19.840000,19.770000,19.850000,19.660000,141925
2019-10-09,19.950000,19.985000,20.000000,19.850000,50112
2019-10-10,19.980000,19.970000,19.990000,19.840000,64894
2019-10-11,19.990000,19.980000,20.000000,19.860000,127679
2019-10-14,19.920000,19.970000,20.000000,19.920000,24035
2019-10-15,19.990000,20.150000,20.180000,19.990000,42382
2019-10-16,20.150000,20.040000,20.150000,20.010000,160023
2019-10-17,20.170000,20.350000,20.400000,20.170000,69718
2019-10-18,20.410000,20.430000,20.450000,20.340000,84808
2019-10-21,20.460000,20.460000,20.500000,20.380000,54611
2019-10-22,20.380000,20.440000,20.485000,20.346300,33424
2019-10-23,20.490000,20.560000,20.600000,20.422300,53707
2019-10-24,20.590000,20.580000,20.630000,20.480000,58338
2019-10-25,20.500000,20.660000,20.780000,20.500000,179030
2019-10-28,20.620000,20.650000,20.780000,20.600000,85760
2019-10-29,20.820000,20.830000,20.940000,20.804200,69019
2019-10-30,20.890000,20.980000,20.990000,20.840000,72836
2019-10-31,20.919600,20.930000,20.940000,20.865000,50092
2019-11-01,21.010000,21.170000,21.200000,21.010000,89016
2019-11-04,21.280000,21.100000,21.280000,21.080000,80174
2019-11-05,21.060000,21.010000,21.090000,20.960300,49194
2019-11-06,21.100000,21.095000,21.160000,21.000000,91088
2019-11-07,21.150000,21.180000,21.250000,21.100000,69211
2019-11-08,20.970000,20.880000,21.000000,20.800000,71664
2019-11-11,20.810000,20.850000,20.880000,20.720000,38984
2019-11-12,20.760000,20.730000,20.840000,20.700000,90758
2019-11-13,20.600000,20.620000,20.650000,20.560000,61126
2019-11-14,20.650000,20.640000,20.670000,20.600000,24994
2019-11-15,20.720000,20.720000,20.790000,20.690000,29068
2019-11-18,20.640000,20.640000,20.660000,20.490000,108969
2019-11-19,20.670000,20.570000,20.670000,20.545200,88480
2019-11-20,20.570000,20.600000,20.670000,20.530800,60168
2019-11-21,20.520000,20.490000,20.550000,20.460000,59421
2019-11-22,20.460000,20.430000,20.460000,20.390000,65593
2019-11-25,20.340000,20.710000,20.740000,20.340000,110316
2019-11-26,20.600000,20.600000,20.660000,20.530000,57383
2019-11-27,20.670000,20.750000,20.750000,20.658200,71242
2019-11-29,20.740000,20.590000,20.740000,20.550000,61471
2019-12-02,20.560000,20.700000,20.740000,20.550000,97492
2019-12-03,20.520000,20.620000,20.720000,20.520000,66500
2019-12-04,20.700000,20.767000,20.786700,20.700000,104973
2019-12-05,20.760000,20.880000,20.880000,20.730000,87699
2019-12-06,20.890000,20.730000,20.890000,20.650000,118275
2019-12-09,20.750000,20.760000,20.820000,20.650100,92385
2019-12-10,20.690000,20.610000,20.780000,20.580000,105138
2019-12-11,20.690000,20.690000,20.740000,20.590000,87233
2019-12-12,20.700000,20.800000,20.800000,20.610000,105978
2019-12-13,20.780000,20.850000,20.900000,20.780000,65825
2019-12-16,20.880000,20.780000,20.880000,20.760000,186468
2019-12-17,20.820000,20.900000,20.900000,20.772100,103822
2019-12-18,20.900000,20.940000,20.990000,20.900000,99771
2019-12-19,20.980000,21.030000,21.030000,20.940000,68646
2019-12-20,21.000000,21.090000,21.090000,20.993300,135527
2019-12-23,21.050000,20.970000,21.050000,20.920200,165686
2019-12-24,20.930000,21.000000,21.030000,20.910000,73011
2019-12-26,20.950000,21.058700,21.090000,20.920000,110292
2019-12-27,21.150000,21.126300,21.170000,21.094900,138909
2019-12-30,20.590000,20.330000,20.659000,20.330000,228927
2019-12-31,20.270000,20.170000,20.279500,20.130000,254547
2020-01-02,20.200000,20.370000,20.450000,20.200000,123924
2020-01-03,20.290000,20.240000,20.310000,20.166400,169578
