Date, Open, Close, High, Low, Volume
2018-01-02T05:00:00Z,23.580000,23.490000,23.590000,23.290000,2350382
2018-01-03T05:00:00Z,23.570000,23.480000,23.710000,23.350000,2891059
2018-01-04T05:00:00Z,23.480000,23.050000,23.610000,23.030000,1817026
2018-01-05T05:00:00Z,23.110000,23.050000,23.170000,22.940000,2982419
2018-01-08T05:00:00Z,23.150000,23.110000,23.220000,22.860000,2974353
2018-01-09T05:00:00Z,23.100000,22.820000,23.100000,22.715000,2000655
2018-01-10T05:00:00Z,22.770000,22.880000,22.920000,22.665000,2237772
2018-01-11T05:00:00Z,22.950000,22.870000,23.040000,22.830000,2239993
2018-01-12T05:00:00Z,22.820000,22.710000,22.940000,22.640000,3288148
2018-01-16T05:00:00Z,22.770000,22.800000,22.940000,22.740000,3028238
2018-01-17T05:00:00Z,22.820000,22.510000,22.940000,22.420000,3419149
2018-01-18T05:00:00Z,22.370000,22.370000,22.550000,22.230000,5167835
2018-01-19T05:00:00Z,22.430000,22.180000,22.430000,21.924700,3186916
2018-01-22T05:00:00Z,22.130000,22.430000,22.450000,22.130000,2542305
2018-01-23T05:00:00Z,22.480000,22.900000,22.900000,22.400000,2488381
2018-01-24T05:00:00Z,22.900000,22.590000,23.110000,22.580000,2896527
2018-01-25T05:00:00Z,22.570000,22.580000,22.785000,22.430000,2182571
2018-01-26T05:00:00Z,22.650000,22.530000,22.790000,22.420000,1466095
2018-01-29T05:00:00Z,22.530000,22.170000,22.550000,22.160000,1670096
2018-01-30T05:00:00Z,22.060000,22.000000,22.195000,21.930000,2855795
2018-01-31T05:00:00Z,22.030000,22.490000,22.545000,21.990000,4342809
2018-02-01T05:00:00Z,22.490000,22.050000,22.640000,22.020000,1931985
2018-02-02T05:00:00Z,21.920000,22.070000,22.220000,21.841700,1997006
2018-02-05T05:00:00Z,21.860000,21.190000,22.100000,21.065000,3108992
2018-02-06T05:00:00Z,20.850000,21.250000,21.590000,20.840000,3846522
2018-02-07T05:00:00Z,21.270000,21.180000,21.640000,21.030000,2707709
2018-02-08T05:00:00Z,21.180000,20.550000,21.240000,20.480000,3333698
2018-02-09T05:00:00Z,20.680000,20.950000,21.080000,20.345000,2857645
2018-02-12T05:00:00Z,20.900000,21.000000,21.130000,20.245000,2562363
2018-02-13T05:00:00Z,21.000000,21.050000,21.130000,20.770000,1358002
2018-02-14T05:00:00Z,20.900000,21.320000,21.340000,20.870000,3107858
2018-02-15T05:00:00Z,21.380000,21.510000,21.590000,21.160000,1866263
2018-02-16T05:00:00Z,21.600000,21.520000,21.600000,21.370000,1628483
2018-02-20T05:00:00Z,21.400000,21.260000,21.680000,21.160000,2400578
2018-02-21T05:00:00Z,21.190000,20.850000,21.460000,20.835000,2068373
2018-02-22T05:00:00Z,20.800000,21.680000,21.790000,20.670000,4859449
2018-02-23T05:00:00Z,21.680000,21.950000,21.960000,21.490000,2918103
2018-02-26T05:00:00Z,21.960000,21.930000,21.990000,21.730000,1965932
2018-02-27T05:00:00Z,21.870000,21.520000,21.920000,21.330000,2850871
2018-02-28T05:00:00Z,21.710000,21.750000,21.910000,21.490000,2730090
2018-03-01T05:00:00Z,21.650000,21.910000,22.110000,21.445000,2850712
2018-03-02T05:00:00Z,21.820000,21.990000,22.175000,21.760000,1854595
2018-03-05T05:00:00Z,21.930000,22.050000,22.250000,21.840000,2730872
2018-03-06T05:00:00Z,22.050000,22.110000,22.280000,21.880000,1927537
2018-03-07T05:00:00Z,22.060000,22.380000,22.410000,22.060000,2290525
2018-03-08T05:00:00Z,22.480000,22.550000,22.595000,22.260000,1285738
2018-03-09T05:00:00Z,22.590000,22.660000,22.765000,22.410000,3161809
2018-03-12T04:00:00Z,22.600000,22.690000,22.900000,22.580000,2240918
2018-03-13T04:00:00Z,22.800000,22.660000,22.940000,22.555000,1986428
2018-03-14T04:00:00Z,22.690000,22.610000,22.800000,22.540000,2055325
2018-03-15T04:00:00Z,22.650000,22.630000,22.730000,22.380000,1576082
2018-03-16T04:00:00Z,22.590000,22.780000,22.830000,22.500000,7802331
2018-03-19T04:00:00Z,22.760000,22.600000,22.760000,22.430000,1712182
2018-03-20T04:00:00Z,22.610000,22.320000,22.730000,22.120000,2771157
2018-03-21T04:00:00Z,22.270000,22.200000,22.360000,21.985000,1455100
2018-03-22T04:00:00Z,22.130000,22.080000,22.480000,22.050000,1559806
2018-03-23T04:00:00Z,22.100000,21.900000,22.170000,21.800000,1764483
2018-03-26T04:00:00Z,22.110000,22.210000,22.220000,21.920000,1996232
2018-03-27T04:00:00Z,22.250000,22.460000,22.590000,21.940000,2267058
2018-03-28T04:00:00Z,22.460000,22.670000,22.750000,22.460000,1754519
2018-03-29T04:00:00Z,22.670000,22.830000,22.860000,22.590000,2037886
2018-04-02T04:00:00Z,22.830000,22.570000,22.830000,22.460000,1384503
2018-04-03T04:00:00Z,22.640000,22.750000,22.895000,22.530000,2207618
2018-04-04T04:00:00Z,22.600000,22.820000,22.880000,22.580000,1296747
2018-04-05T04:00:00Z,22.880000,22.640000,22.880000,22.535000,1676729
2018-04-06T04:00:00Z,22.690000,22.590000,22.780000,22.555000,1606799
2018-04-09T04:00:00Z,22.630000,22.550000,22.770000,22.540000,1830250
2018-04-10T04:00:00Z,22.700000,22.740000,22.835000,22.620000,1189383
2018-04-11T04:00:00Z,22.680000,22.670000,22.780000,22.630000,1585335
2018-04-12T04:00:00Z,22.760000,22.540000,22.760000,22.470000,1501181
2018-04-13T04:00:00Z,22.550000,22.580000,22.680000,22.460000,1722368
2018-04-16T04:00:00Z,22.720000,22.720000,22.825000,22.610000,1036315
2018-04-17T04:00:00Z,22.780000,22.950000,23.060000,22.755000,1361770
2018-04-18T04:00:00Z,22.950000,22.970000,23.015000,22.720000,1394649
2018-04-19T04:00:00Z,22.900000,22.510000,22.900000,22.380000,1580558
2018-04-20T04:00:00Z,22.470000,22.570000,22.650000,22.435000,1584953
2018-04-23T04:00:00Z,22.590000,22.610000,22.645000,22.430000,1599956
2018-04-24T04:00:00Z,22.750000,22.880000,22.910000,22.560000,2546753
2018-04-25T04:00:00Z,22.820000,22.970000,23.890000,22.700000,3099865
2018-04-26T04:00:00Z,23.070000,23.070000,23.200000,22.940000,1506810
2018-04-27T04:00:00Z,23.060000,23.220000,23.300000,23.010000,1169606
2018-04-30T04:00:00Z,23.180000,23.140000,23.310000,23.090000,1386423
2018-05-01T04:00:00Z,23.190000,23.300000,23.375000,23.130000,1723220
2018-05-02T04:00:00Z,23.130000,23.260000,23.380000,23.095000,1964248
2018-05-03T04:00:00Z,23.180000,23.180000,23.360000,23.080000,1413926
2018-05-04T04:00:00Z,23.250000,23.530000,23.610000,23.040000,1583646
2018-05-07T04:00:00Z,23.550000,23.530000,23.660000,23.460000,1298777
2018-05-08T04:00:00Z,23.510000,23.500000,23.700000,23.430000,2066210
2018-05-09T04:00:00Z,23.500000,23.730000,23.790000,23.490000,2065126
2018-05-10T04:00:00Z,23.790000,23.690000,23.970000,23.650000,1203451
2018-05-11T04:00:00Z,23.700000,23.680000,23.930000,23.645000,1196992
2018-05-14T04:00:00Z,23.630000,23.270000,23.630000,23.130100,1329156
2018-05-15T04:00:00Z,22.810000,22.320000,23.130000,22.260000,4337466
2018-05-16T04:00:00Z,22.360000,22.190000,22.480000,22.080000,3276581
2018-05-17T04:00:00Z,22.240000,22.140000,22.290000,22.110000,1875610
2018-05-18T04:00:00Z,22.190000,21.980000,22.310000,21.890000,1523426
2018-05-21T04:00:00Z,22.040000,21.920000,22.040000,21.710000,2853620
2018-05-22T04:00:00Z,21.930000,21.770000,21.930000,21.540000,3144884
2018-05-23T04:00:00Z,21.800000,21.840000,22.115000,21.700000,2251084
2018-05-24T04:00:00Z,21.880000,21.890000,21.976500,21.690000,2148774
2018-05-25T04:00:00Z,22.000000,21.820000,22.000000,21.740000,1508318
2018-05-29T04:00:00Z,21.750000,21.880000,21.930000,21.710000,3264201
2018-05-30T04:00:00Z,21.940000,22.420000,22.500000,21.850000,2462498
2018-05-31T04:00:00Z,22.290000,22.010000,22.390000,21.960000,3775510
2018-06-01T04:00:00Z,21.990000,22.080000,22.225000,21.750000,1681072
2018-06-04T04:00:00Z,22.110000,22.350000,22.425000,22.020000,1309767
2018-06-05T04:00:00Z,22.470000,22.050000,22.660000,21.950000,4070628
2018-06-06T04:00:00Z,21.900000,21.860000,22.050000,21.620000,3437706
2018-06-07T04:00:00Z,21.870000,22.220000,22.250000,21.840000,1938067
2018-06-08T04:00:00Z,22.230000,22.160000,22.430000,22.110000,1973593
2018-06-11T04:00:00Z,22.110000,22.140000,22.185000,22.030000,1442379
2018-06-12T04:00:00Z,22.140000,22.150000,22.365000,22.100000,2175474
2018-06-13T04:00:00Z,22.090000,22.150000,22.295000,22.040000,2626675
2018-06-14T04:00:00Z,22.180000,22.420000,22.480000,22.120000,2078041
2018-06-15T04:00:00Z,22.420000,22.410000,22.595000,22.400000,2338440
2018-06-18T04:00:00Z,22.290000,22.470000,22.550000,22.180000,2216257
2018-06-19T04:00:00Z,22.400000,22.250000,22.490000,22.195000,3506131
2018-06-20T04:00:00Z,22.350000,22.550000,22.565000,22.215000,1499937
2018-06-21T04:00:00Z,22.550000,22.610000,22.620000,22.380000,1818440
2018-06-22T04:00:00Z,22.690000,22.600000,22.760000,22.460000,3405425
2018-06-25T04:00:00Z,22.590000,22.750000,22.790000,22.400000,2189649
2018-06-26T04:00:00Z,22.840000,22.950000,23.060000,22.650000,4411251
2018-06-27T04:00:00Z,23.000000,22.820000,23.045000,22.730000,1731487
2018-06-28T04:00:00Z,22.760000,23.030000,23.085000,22.760000,1988272
2018-06-29T04:00:00Z,22.980000,23.060000,23.215000,22.830000,3341786
2018-07-02T04:00:00Z,23.060000,22.790000,23.065000,22.600000,1324990
2018-07-03T04:00:00Z,22.790000,23.070000,23.185000,22.770000,915625
2018-07-05T04:00:00Z,23.240000,23.060000,23.240000,22.880000,3244376
2018-07-06T04:00:00Z,23.200000,23.150000,23.200000,23.050000,1347560
2018-07-09T04:00:00Z,23.150000,23.170000,23.210000,22.970000,2351488
2018-07-10T04:00:00Z,23.140000,23.140000,23.355000,23.070000,1533141
2018-07-11T04:00:00Z,23.100000,23.240000,23.420000,23.100000,1890633
2018-07-12T04:00:00Z,23.240000,23.420000,23.550000,23.181000,1998686
2018-07-13T04:00:00Z,23.450000,23.350000,23.525000,23.290000,1505769
2018-07-16T04:00:00Z,23.360000,23.270000,23.370000,23.041000,2196634
2018-07-17T04:00:00Z,23.240000,23.170000,23.400000,23.070000,1944078
2018-07-18T04:00:00Z,23.290000,23.450000,23.460000,23.120000,1888263
2018-07-19T04:00:00Z,23.440000,23.570000,23.615000,23.350000,2104931
2018-07-20T04:00:00Z,23.540000,23.520000,23.600000,23.455000,1215100
2018-07-23T04:00:00Z,23.480000,23.450000,23.540000,23.400000,1609824
2018-07-24T04:00:00Z,23.430000,23.000000,23.430000,22.980000,2181637
2018-07-25T04:00:00Z,23.000000,22.990000,23.240000,22.940000,1166333
2018-07-26T04:00:00Z,23.060000,23.270000,23.280000,22.950000,2190278
2018-07-27T04:00:00Z,23.340000,23.050000,23.340000,22.865000,3270315
2018-07-30T04:00:00Z,22.980000,22.990000,23.155000,22.890000,2764309
2018-07-31T04:00:00Z,23.000000,23.110000,23.320000,22.980000,2564270
2018-08-01T04:00:00Z,22.990000,23.160000,23.220000,22.910000,2256591
2018-08-02T04:00:00Z,23.070000,23.220000,23.270000,23.000000,1029931
2018-08-03T04:00:00Z,23.190000,23.470000,23.475000,23.130000,1517304
2018-08-06T04:00:00Z,23.490000,23.550000,23.650000,23.350000,1796050
2018-08-07T04:00:00Z,23.550000,23.580000,23.615000,23.400000,1285504
2018-08-08T04:00:00Z,23.610000,23.550000,23.680000,23.480000,1518883
2018-08-09T04:00:00Z,23.500000,23.810000,23.860000,23.440000,2412507
2018-08-10T04:00:00Z,22.750000,23.330000,23.400000,22.140000,4824053
2018-08-13T04:00:00Z,23.390000,22.950000,23.450000,22.865000,5732449
2018-08-14T04:00:00Z,22.910000,22.640000,23.070000,22.600000,3449353
2018-08-15T04:00:00Z,22.490000,22.730000,22.730000,22.380000,3075886
2018-08-16T04:00:00Z,22.730000,23.220000,23.230000,22.720000,2314853
2018-08-17T04:00:00Z,23.210000,23.200000,23.310000,23.170000,1546584
2018-08-20T04:00:00Z,23.260000,23.120000,23.280000,23.070000,1018937
2018-08-21T04:00:00Z,23.120000,22.990000,23.210000,22.830000,2070388
2018-08-22T04:00:00Z,22.910000,22.890000,23.020000,22.860000,1600140
2018-08-23T04:00:00Z,22.840000,23.280000,23.370000,22.830000,3252872
2018-08-24T04:00:00Z,23.260000,23.240000,23.410000,23.070000,1405658
2018-08-27T04:00:00Z,23.250000,23.060000,23.285000,23.000000,2005154
2018-08-28T04:00:00Z,23.090000,23.470000,23.945000,23.060000,4450755
2018-08-29T04:00:00Z,23.510000,23.400000,23.555000,23.365000,1148883
2018-08-30T04:00:00Z,23.530000,23.390000,23.530000,23.360000,898153
2018-08-31T04:00:00Z,23.360000,23.370000,23.540000,23.290000,1475265
2018-09-04T04:00:00Z,23.210000,23.160000,23.420000,23.080000,2027259
2018-09-05T04:00:00Z,23.120000,23.240000,23.265000,22.960000,2243632
2018-09-06T04:00:00Z,23.310000,23.320000,23.395000,23.135000,2348362
2018-09-07T04:00:00Z,23.290000,23.360000,23.390000,23.100000,1404886
2018-09-10T04:00:00Z,23.450000,23.510000,23.640000,23.290000,1784708
2018-09-11T04:00:00Z,23.450000,23.780000,23.830000,23.400000,2441224
2018-09-12T04:00:00Z,23.830000,23.470000,23.830000,23.450000,2431646
2018-09-13T04:00:00Z,23.550000,23.790000,23.840000,23.530000,1602556
2018-09-14T04:00:00Z,23.740000,23.560000,23.770000,23.455000,4026732
2018-09-17T04:00:00Z,23.570000,23.710000,23.725000,23.480000,2089994
2018-09-18T04:00:00Z,23.690000,23.660000,23.770000,23.552500,1361269
2018-09-19T04:00:00Z,23.690000,23.420000,23.730000,23.390000,2045034
2018-09-20T04:00:00Z,23.420000,23.650000,23.670000,23.240000,1633775
2018-09-21T04:00:00Z,23.660000,23.940000,23.940000,23.530000,6819409
2018-09-24T04:00:00Z,23.910000,23.330000,23.910000,23.270000,2423978
2018-09-25T04:00:00Z,23.370000,23.280000,23.450000,23.150100,1854128
2018-09-26T04:00:00Z,23.310000,22.720000,23.390000,22.710000,1930985
2018-09-27T04:00:00Z,22.790000,22.720000,22.860000,22.620000,3702254
2018-09-28T04:00:00Z,22.690000,22.910000,22.970000,22.565000,3990589
2018-10-01T04:00:00Z,22.930000,22.730000,22.980000,22.630000,2358923
2018-10-02T04:00:00Z,22.730000,22.740000,22.880000,22.660000,2193748
2018-10-03T04:00:00Z,22.720000,22.480000,22.830000,22.330000,1918639
2018-10-04T04:00:00Z,22.410000,22.210000,22.470000,22.150000,1748810
2018-10-05T04:00:00Z,22.190000,22.090000,22.310000,22.090000,838401
2018-10-08T04:00:00Z,22.030000,22.370000,22.510000,22.030000,1067731
2018-10-09T04:00:00Z,22.590000,22.380000,22.590000,22.220000,1330371
2018-10-10T04:00:00Z,22.330000,21.970000,22.395000,21.960000,1335419
2018-10-11T04:00:00Z,21.970000,21.170000,22.060000,21.150000,2884971
2018-10-12T04:00:00Z,21.330000,21.100000,21.440000,21.082300,1541114
2018-10-15T04:00:00Z,21.140000,21.400000,21.630000,21.140000,2068556
2018-10-16T04:00:00Z,21.470000,21.810000,21.880000,21.370000,1891119
2018-10-17T04:00:00Z,21.760000,21.780000,21.920000,21.620000,1596958
2018-10-18T04:00:00Z,21.770000,21.880000,21.950000,21.740000,936694
2018-10-19T04:00:00Z,21.930000,21.890000,22.100000,21.710000,1186179
2018-10-22T04:00:00Z,21.870000,21.710000,21.945000,21.670000,1455740
2018-10-23T04:00:00Z,21.610000,21.980000,22.015000,21.500000,1518158
2018-10-24T04:00:00Z,21.960000,22.020000,22.185000,21.905000,2607118
2018-10-25T04:00:00Z,22.010000,21.990000,22.060000,21.770000,2630370
2018-10-26T04:00:00Z,21.990000,21.860000,22.000000,21.680000,1832138
2018-10-29T04:00:00Z,21.920000,22.340000,22.410000,21.920000,2174088
2018-10-30T04:00:00Z,22.400000,22.110000,22.520000,21.925000,2503716
2018-10-31T04:00:00Z,22.170000,21.880000,22.230000,21.870000,2258506
2018-11-01T04:00:00Z,21.900000,21.850000,22.035000,21.780000,1200469
2018-11-02T04:00:00Z,21.760000,21.230000,21.760000,21.020000,3387528
2018-11-05T05:00:00Z,21.010000,20.730000,21.360000,20.510000,3402870
2018-11-06T05:00:00Z,20.680000,21.030000,21.080000,20.635000,1873085
2018-11-07T05:00:00Z,21.190000,21.320000,21.530000,21.160000,1578423
2018-11-08T05:00:00Z,21.240000,21.670000,21.710000,21.210100,1625967
2018-11-09T05:00:00Z,21.690000,21.710000,21.790000,21.530000,1153277
2018-11-12T05:00:00Z,21.720000,21.660000,21.940000,21.650000,2122066
2018-11-13T05:00:00Z,21.640000,21.660000,21.830000,21.550000,1691658
2018-11-14T05:00:00Z,21.610000,21.370000,21.635000,21.330000,2438089
2018-11-15T05:00:00Z,21.250000,21.100000,21.260000,21.050000,2006045
2018-11-16T05:00:00Z,20.990000,20.900000,21.040000,20.740000,1972208
2018-11-19T05:00:00Z,20.900000,20.920000,21.105000,20.760000,1932691
2018-11-20T05:00:00Z,20.920000,20.720000,21.015000,20.720000,1481817
2018-11-21T05:00:00Z,20.730000,20.840000,21.030000,20.700000,1485343
2018-11-23T05:00:00Z,20.830000,20.830000,20.990000,20.680000,587875
2018-11-26T05:00:00Z,20.980000,20.950000,21.050000,20.860000,1516235
2018-11-27T05:00:00Z,20.950000,21.260000,21.305000,20.760000,3224151
2018-11-28T05:00:00Z,21.280000,21.520000,21.530000,21.200000,2022252
2018-11-29T05:00:00Z,21.430000,21.390000,21.500000,21.280000,2377610
2018-11-30T05:00:00Z,21.350000,21.460000,21.520000,21.270000,2744878
2018-12-03T05:00:00Z,21.475000,21.510000,21.510000,21.160000,2108586
2018-12-04T05:00:00Z,21.540000,21.240000,21.640000,21.140000,1452608
2018-12-06T05:00:00Z,21.130000,21.850000,21.850000,20.785000,2912400
2018-12-07T05:00:00Z,21.810000,21.780000,22.060000,21.635000,3077186
2018-12-10T05:00:00Z,21.690000,21.710000,21.890000,21.535000,2147720
2018-12-11T05:00:00Z,21.820000,21.620000,21.920000,21.600000,1765030
2018-12-12T05:00:00Z,21.780000,21.250000,21.850000,21.230000,3222021
2018-12-13T05:00:00Z,21.250000,21.490000,21.710000,21.250000,1897695
2018-12-14T05:00:00Z,21.360000,21.370000,21.510000,21.195000,2256235
2018-12-17T05:00:00Z,21.320000,20.750000,21.450000,20.650000,2988097
2018-12-18T05:00:00Z,20.750000,20.860000,21.020000,20.680000,1764188
2018-12-19T05:00:00Z,20.860000,20.640000,20.950000,20.540000,2552871
2018-12-20T05:00:00Z,20.640000,20.400000,20.770000,20.240000,1976570
2018-12-21T05:00:00Z,20.400000,20.050000,20.880000,20.020000,2873044
2018-12-24T05:00:00Z,19.990000,19.420000,20.020000,19.380000,2147444
2018-12-26T05:00:00Z,19.470000,20.040000,20.040000,19.210000,2828788
2018-12-27T05:00:00Z,19.920000,20.120000,20.130000,19.660000,2100172
2018-12-28T05:00:00Z,20.290000,20.010000,20.290000,19.800000,2673977
2018-12-31T05:00:00Z,20.030000,20.080000,20.130000,19.745000,1688636
2019-01-02T05:00:00Z,19.960000,19.700000,19.990000,19.620000,1711523
2019-01-03T05:00:00Z,19.660000,19.830000,19.950000,19.570000,2018496
2019-01-04T05:00:00Z,19.960000,19.910000,20.070000,19.705000,2388760
2019-01-07T05:00:00Z,20.000000,19.800000,20.110000,19.760000,2014887
2019-01-08T05:00:00Z,19.990000,20.180000,20.260000,19.770000,2085595
2019-01-09T05:00:00Z,20.230000,20.060000,20.270000,19.960000,2392173
2019-01-10T05:00:00Z,20.050000,20.330000,20.350000,19.980000,2768734
2019-01-11T05:00:00Z,20.380000,20.530000,20.615000,20.250000,2033847
2019-01-14T05:00:00Z,20.450000,20.400000,20.600000,20.220000,2949852
2019-01-15T05:00:00Z,20.480000,20.500000,20.560000,20.340000,1902993
2019-01-16T05:00:00Z,20.600000,20.750000,20.855000,20.375000,5575235
2019-01-17T05:00:00Z,20.700000,21.220000,21.240000,20.645000,3079258
2019-01-18T05:00:00Z,21.260000,21.250000,21.320000,20.980000,4815242
2019-01-22T05:00:00Z,21.220000,21.080000,21.295000,20.990000,1903898
2019-01-23T05:00:00Z,21.150000,21.100000,21.170000,20.890000,2005466
2019-01-24T05:00:00Z,21.070000,21.170000,21.215000,20.940000,1497572
2019-01-25T05:00:00Z,21.240000,21.610000,21.630000,21.235000,2041719
2019-01-28T05:00:00Z,21.570000,21.950000,21.960000,21.550000,2737349
2019-01-29T05:00:00Z,21.960000,22.270000,22.285000,21.830000,3769389
2019-01-30T05:00:00Z,22.300000,22.320000,22.605000,22.180000,5590994
2019-01-31T05:00:00Z,22.240000,22.490000,22.510000,22.050000,4036591
2019-02-01T05:00:00Z,22.530000,22.540000,22.620000,22.170000,2661719
2019-02-04T05:00:00Z,22.480000,22.920000,22.920000,22.400000,2512318
2019-02-05T05:00:00Z,22.910000,22.930000,23.050000,22.630000,2268548
2019-02-06T05:00:00Z,22.920000,22.500000,22.990000,22.455000,3975177
2019-02-07T05:00:00Z,22.440000,22.610000,22.630000,22.390000,5281936
2019-02-08T05:00:00Z,22.620000,22.820000,22.845000,22.500000,2882976
2019-02-11T05:00:00Z,22.900000,22.920000,23.020000,22.750000,2575121
2019-02-12T05:00:00Z,22.870000,22.850000,22.940000,22.690000,2806613
2019-02-13T05:00:00Z,22.830000,22.930000,22.960000,22.730000,2510065
2019-02-14T05:00:00Z,22.910000,22.750000,22.990000,22.740000,2346809
2019-02-15T05:00:00Z,23.080000,23.520000,23.540000,22.750000,3664813
2019-02-19T05:00:00Z,23.590000,23.630000,23.760000,23.420000,3397759
2019-02-20T05:00:00Z,23.560000,23.230000,23.620000,23.120000,2544511
2019-02-21T05:00:00Z,23.180000,23.220000,23.360000,23.110000,1991646
2019-02-22T05:00:00Z,23.230000,23.050000,23.280000,23.015000,2414794
2019-02-25T05:00:00Z,23.150000,23.000000,23.350000,22.950000,3410709
2019-02-26T05:00:00Z,23.050000,23.040000,23.160000,22.930000,2301026
2019-02-27T05:00:00Z,23.030000,23.060000,23.100000,22.870000,3457325
2019-02-28T05:00:00Z,23.100000,23.000000,23.320000,22.960000,3678595
2019-03-01T05:00:00Z,23.000000,22.790000,23.050000,22.730000,4340741
2019-03-04T05:00:00Z,22.860000,23.180000,23.220000,22.800000,2875977
2019-03-05T05:00:00Z,23.100000,23.270000,23.360000,23.080000,2368161
2019-03-06T05:00:00Z,23.250000,23.350000,23.470000,23.180000,2136648
2019-03-07T05:00:00Z,23.340000,23.340000,23.609900,23.280000,1997317
2019-03-08T05:00:00Z,23.290000,23.440000,23.475000,23.280000,1300726
2019-03-11T04:00:00Z,23.480000,23.530000,23.580000,23.355000,1868762
2019-03-12T04:00:00Z,23.500000,23.520000,23.805000,23.495000,3413264
2019-03-13T04:00:00Z,23.570000,23.650000,23.780000,23.570000,1585655
2019-03-14T04:00:00Z,23.720000,23.860000,23.860000,23.620000,1144807
2019-03-15T04:00:00Z,23.950000,23.850000,24.005000,23.690000,2977316
2019-03-18T04:00:00Z,23.850000,23.540000,24.010000,23.310000,2696582
2019-03-19T04:00:00Z,23.580000,23.300000,23.710000,23.275000,5698120
2019-03-20T04:00:00Z,23.270000,23.300000,23.465000,23.150000,19567170
2019-03-21T04:00:00Z,23.310000,23.850000,23.910000,23.200000,7505515
2019-03-22T04:00:00Z,23.880000,24.020000,24.090000,23.755000,9592344
2019-03-25T04:00:00Z,24.050000,24.070000,24.150000,23.860000,4791778
2019-03-26T04:00:00Z,24.200000,24.330000,24.340000,24.120000,2952600
2019-03-27T04:00:00Z,24.310000,24.150000,24.400000,24.045000,3935873
2019-03-28T04:00:00Z,24.220000,24.180000,24.250000,23.950000,2497279
2019-03-29T04:00:00Z,24.200000,24.330000,24.370000,24.160000,7453892
2019-04-01T04:00:00Z,24.390000,24.330000,24.440000,23.975000,2258956
2019-04-02T04:00:00Z,24.360000,24.410000,24.450000,24.140000,3122001
2019-04-03T04:00:00Z,24.460000,24.480000,24.650000,24.345000,1917629
2019-04-04T04:00:00Z,24.480000,24.440000,24.530000,24.303600,1970778
2019-04-05T04:00:00Z,24.410000,24.510000,24.520000,24.280000,2731963
2019-04-08T04:00:00Z,24.420000,24.360000,24.490000,24.205000,1363686
2019-04-09T04:00:00Z,24.300000,24.070000,24.340000,24.060000,3133609
2019-04-10T04:00:00Z,24.200000,24.250000,24.380000,24.110000,3828243
2019-04-11T04:00:00Z,24.330000,24.500000,24.500000,24.220000,2256338
2019-04-12T04:00:00Z,24.520000,24.880000,24.915000,24.360000,3221021
2019-04-15T04:00:00Z,24.850000,24.940000,24.980000,24.750000,2146318
2019-04-16T04:00:00Z,24.900000,24.360000,24.920000,24.335000,1861873
2019-04-17T04:00:00Z,24.380000,24.160000,24.520000,24.130000,1401903
2019-04-18T04:00:00Z,24.210000,24.390000,24.465000,24.060000,2010034
2019-04-22T04:00:00Z,24.290000,23.990000,24.340000,23.775000,2059353
2019-04-23T04:00:00Z,24.050000,24.280000,24.400000,23.960000,1917654
2019-04-24T04:00:00Z,24.370000,24.640000,24.655000,24.340000,1514338
2019-04-25T04:00:00Z,24.660000,24.770000,24.775000,24.530000,1763169
2019-04-26T04:00:00Z,24.840000,25.000000,25.060000,24.790000,1970267
2019-04-29T04:00:00Z,25.050000,24.740000,25.130000,24.650000,1356425
2019-04-30T04:00:00Z,24.670000,24.860000,24.910000,24.500000,2803726
2019-05-01T04:00:00Z,24.940000,24.780000,25.115000,24.735000,1952075
2019-05-02T04:00:00Z,24.830000,24.760000,25.020000,24.680000,1639865
2019-05-03T04:00:00Z,24.820000,24.890000,24.965000,24.680000,1808306
2019-05-06T04:00:00Z,24.680000,24.850000,25.015000,24.680000,1928411
2019-05-07T04:00:00Z,24.860000,24.610000,25.330000,24.600000,4384986
2019-05-08T04:00:00Z,24.710000,24.440000,24.910000,24.380000,2236517
2019-05-09T04:00:00Z,24.490000,24.680000,24.790000,24.290000,1805628
2019-05-10T04:00:00Z,24.630000,25.030000,25.110000,24.580000,2502917
2019-05-13T04:00:00Z,24.830000,24.840000,25.040000,24.700000,2208178
2019-05-14T04:00:00Z,24.820000,24.760000,25.020000,24.590000,2653300
2019-05-15T04:00:00Z,24.810000,24.970000,25.105000,24.690000,1855672
2019-05-16T04:00:00Z,24.900000,25.310000,25.340000,24.900000,2791352
2019-05-17T04:00:00Z,25.220000,25.350000,25.380000,24.980000,2355550
2019-05-20T04:00:00Z,25.410000,25.130000,25.410000,25.080000,2447248
2019-05-21T04:00:00Z,25.320000,25.440000,25.510000,25.195000,2091620
2019-05-22T04:00:00Z,25.420000,25.430000,25.530000,25.260000,1275845
2019-05-23T04:00:00Z,25.320000,25.530000,25.595000,25.320000,1592722
2019-05-24T04:00:00Z,25.620000,25.770000,25.820000,25.620000,1328920
2019-05-28T04:00:00Z,25.990000,25.410000,26.000000,25.330000,3782403
2019-05-29T04:00:00Z,25.250000,25.270000,25.480000,25.160000,19292701
2019-05-30T04:00:00Z,25.410000,25.420000,25.835000,25.290000,8673039
2019-05-31T04:00:00Z,25.260000,25.630000,25.680000,25.260000,10956868
2019-06-03T04:00:00Z,25.820000,25.800000,25.950000,25.590000,6791384
2019-06-04T04:00:00Z,25.840000,26.090000,26.110000,25.540000,7788156
2019-06-05T04:00:00Z,26.080000,26.320000,26.390000,25.800000,6022143
2019-06-06T04:00:00Z,26.400000,26.590000,26.650000,26.200000,3119905
2019-06-07T04:00:00Z,26.660000,26.650000,26.730000,26.400000,5976808
2019-06-10T04:00:00Z,26.940000,26.790000,26.940000,26.470000,2706821
2019-06-11T04:00:00Z,26.770000,26.940000,26.955000,26.590000,3597021
2019-06-12T04:00:00Z,26.960000,26.970000,27.085000,26.880000,2813912
2019-06-13T04:00:00Z,26.980000,27.090000,27.105000,26.770000,2840362
2019-06-14T04:00:00Z,26.990000,27.310000,27.350000,26.980000,3654624
2019-06-17T04:00:00Z,27.370000,27.480000,27.545000,27.150000,3049065
2019-06-18T04:00:00Z,27.540000,27.510000,27.740000,27.350000,3888731
2019-06-19T04:00:00Z,27.630000,27.750000,27.850000,27.450000,3580541
2019-06-20T04:00:00Z,27.820000,27.680000,27.915000,27.615000,3805928
2019-06-21T04:00:00Z,27.350000,27.150000,27.510000,26.900000,13641579
2019-06-24T04:00:00Z,27.180000,26.980000,27.250000,26.980000,6162924
2019-06-25T04:00:00Z,26.940000,27.070000,27.330000,26.900000,12452275
2019-06-26T04:00:00Z,27.180000,26.440000,27.180000,26.370000,4958112
2019-06-27T04:00:00Z,26.590000,26.530000,26.800000,26.460000,4871321
2019-06-28T04:00:00Z,26.560000,26.730000,26.840000,26.445000,9175730
2019-07-01T04:00:00Z,26.890000,26.830000,26.930000,26.410000,3574822
2019-07-02T04:00:00Z,26.890000,27.250000,27.290000,26.870000,20650322
2019-07-03T04:00:00Z,27.350000,27.490000,27.540000,27.300000,1716455
2019-07-05T04:00:00Z,27.360000,27.400000,27.480000,27.000000,4258585
2019-07-08T04:00:00Z,27.320000,27.610000,27.660000,27.215000,6187535
2019-07-09T04:00:00Z,27.610000,27.950000,27.960000,27.490000,6863755
2019-07-10T04:00:00Z,28.010000,28.020000,28.165000,27.900000,4503417
2019-07-11T04:00:00Z,28.050000,27.830000,28.120000,27.630000,4166527
2019-07-12T04:00:00Z,27.810000,27.920000,27.950000,27.730000,7540859
2019-07-15T04:00:00Z,28.020000,28.000000,28.170000,27.931400,2673473
2019-07-16T04:00:00Z,28.000000,27.960000,28.100000,27.850000,3198988
2019-07-17T04:00:00Z,28.060000,27.830000,28.120000,27.670000,3857234
2019-07-18T04:00:00Z,27.840000,27.700000,27.860000,27.625000,2908066
2019-07-19T04:00:00Z,27.510000,27.030000,27.680000,26.960000,4185549
2019-07-22T04:00:00Z,27.000000,27.160000,27.210000,26.781200,3282678
2019-07-23T04:00:00Z,27.240000,27.390000,27.450000,27.070000,2979472
2019-07-24T04:00:00Z,27.380000,27.180000,27.410000,27.110000,3367347
2019-07-25T04:00:00Z,27.300000,27.300000,27.410000,27.110000,5426374
2019-07-26T04:00:00Z,27.360000,27.370000,27.480000,27.220000,3903209
2019-07-29T04:00:00Z,27.460000,27.570000,27.770000,27.415000,3282572
2019-07-30T04:00:00Z,27.610000,27.760000,27.910000,27.490000,4203234
2019-07-31T04:00:00Z,28.070000,27.470000,28.115000,27.310000,4626952
2019-08-01T04:00:00Z,27.530000,27.450000,27.670000,27.160000,3457938
2019-08-02T04:00:00Z,27.520000,27.670000,27.770000,27.400000,1952061
2019-08-05T04:00:00Z,27.550000,27.120000,27.550000,26.820000,2890878
2019-08-06T04:00:00Z,27.130000,27.380000,27.550000,27.055000,3471013
2019-08-07T04:00:00Z,27.330000,27.590000,27.780000,27.020000,2662058
2019-08-08T04:00:00Z,27.600000,27.850000,27.890000,27.440000,2740800
2019-08-09T04:00:00Z,27.810000,27.850000,27.900000,27.625000,2442390
2019-08-12T04:00:00Z,27.890000,27.775000,28.050000,27.690000,2091779
2019-08-13T04:00:00Z,27.630000,27.870000,27.880000,27.440000,3104469
2019-08-14T04:00:00Z,27.630000,27.610000,27.850000,27.500000,4373460
2019-08-15T04:00:00Z,27.720000,27.850000,27.920000,27.600000,3457738
2019-08-16T04:00:00Z,27.890000,28.320000,28.420000,27.850000,5304825
2019-08-19T04:00:00Z,28.420000,28.580000,28.640000,28.225000,2490348
2019-08-20T04:00:00Z,28.660000,28.440000,28.714000,28.420000,1934881
2019-08-21T04:00:00Z,28.470000,28.560000,28.595000,28.300000,3685221
2019-08-22T04:00:00Z,28.590000,29.030000,29.120000,28.470000,2963333
2019-08-23T04:00:00Z,29.070000,28.590000,29.130000,28.560000,3525407
2019-08-26T04:00:00Z,28.740000,29.020000,29.040000,28.570000,3952248
2019-08-27T04:00:00Z,29.170000,29.060000,29.300000,28.970000,4832585
2019-08-28T04:00:00Z,29.010000,28.750000,29.045000,28.700000,3456845
2019-08-29T04:00:00Z,28.930000,28.930000,29.080000,28.770000,2969854
2019-08-30T04:00:00Z,28.910000,28.760000,28.990000,28.620000,3674396
2019-09-03T04:00:00Z,28.760000,29.130000,29.260000,28.730000,3329743
2019-09-04T04:00:00Z,29.280000,29.040000,29.330000,28.930000,3086204
2019-09-05T04:00:00Z,28.980000,28.610000,29.080000,28.550000,3215580
2019-09-06T04:00:00Z,28.610000,28.780000,28.830000,28.600000,3063381
2019-09-09T04:00:00Z,28.730000,28.360000,28.890000,28.310000,2464509
2019-09-10T04:00:00Z,28.220000,27.970000,28.220000,27.310000,3994482
2019-09-11T04:00:00Z,27.850000,27.780000,28.010000,27.500000,1935415
2019-09-12T04:00:00Z,28.000000,27.940000,28.160000,27.700000,2156613
2019-09-13T04:00:00Z,27.990000,27.850000,28.100000,27.680000,1811504
2019-09-16T04:00:00Z,27.850000,28.190000,28.260000,27.780000,2523063
2019-09-17T04:00:00Z,28.330000,28.490000,28.765000,28.320000,4024929
2019-09-18T04:00:00Z,28.550000,28.500000,28.600000,28.200000,27726655
2019-09-19T04:00:00Z,28.560000,28.970000,29.145000,28.560000,6586044
2019-09-20T04:00:00Z,28.950000,29.250000,29.310000,28.940000,15382754
2019-09-23T04:00:00Z,29.100000,28.840000,29.280000,28.810000,4514040
2019-09-24T04:00:00Z,28.890000,29.070000,29.175000,28.860000,3044846
2019-09-25T04:00:00Z,29.170000,29.400000,29.500000,29.105000,5529177
2019-09-26T04:00:00Z,29.520000,29.710000,29.770000,29.430000,4671510
2019-09-27T04:00:00Z,29.800000,29.610000,29.920000,29.430000,8032998
2019-09-30T04:00:00Z,29.580000,29.610000,29.750000,29.470000,3544929
2019-10-01T04:00:00Z,29.540000,29.640000,29.710000,29.170200,3361239
2019-10-02T04:00:00Z,29.650000,29.790000,29.810000,29.465000,3485600
2019-10-03T04:00:00Z,29.730000,29.900000,30.030000,29.690000,3860993
2019-10-04T04:00:00Z,29.900000,30.090000,30.125000,29.880000,3084408
2019-10-07T04:00:00Z,30.030000,29.930000,30.030000,29.710000,2781364
2019-10-08T04:00:00Z,29.990000,29.700000,30.120000,29.645000,3672835
2019-10-09T04:00:00Z,29.940000,30.190000,30.345000,29.890000,4583860
2019-10-10T04:00:00Z,30.170000,30.350000,30.445000,30.070000,5635342
2019-10-11T04:00:00Z,30.380000,30.250000,30.560000,30.030000,3062954
2019-10-14T04:00:00Z,30.240000,30.240000,30.390000,30.140000,3005764
2019-10-15T04:00:00Z,30.230000,30.420000,30.430000,30.190000,3423300
2019-10-16T04:00:00Z,30.420000,30.480000,30.510000,30.230000,4133312
2019-10-17T04:00:00Z,30.520000,30.410000,30.630000,30.400000,3787612
2019-10-18T04:00:00Z,30.470000,30.880000,30.880000,30.360000,4715357
2019-10-21T04:00:00Z,30.900000,31.090000,31.100000,30.765000,2696873
2019-10-22T04:00:00Z,31.180000,30.740000,31.320000,30.705000,3152483
2019-10-23T04:00:00Z,30.780000,30.840000,30.900000,30.610000,2338216
2019-10-24T04:00:00Z,30.870000,30.890000,31.020000,30.700000,1853157
2019-10-25T04:00:00Z,30.870000,30.890000,30.990000,30.680000,2153962
2019-10-28T04:00:00Z,30.780000,30.780000,30.960000,30.655000,2006973
2019-10-29T04:00:00Z,30.680000,30.800000,30.930000,30.590000,3402282
2019-10-30T04:00:00Z,30.700000,30.460000,30.940000,30.090000,5583337
2019-10-31T04:00:00Z,30.400000,30.790000,30.900000,30.322000,3856085
2019-11-01T04:00:00Z,30.920000,30.840000,31.210000,30.520000,4281482
2019-11-04T05:00:00Z,30.850000,30.400000,30.862200,30.370000,3053884
2019-11-05T05:00:00Z,30.260000,29.630000,30.310000,29.530000,5461114
2019-11-06T05:00:00Z,29.860000,30.000000,30.030000,29.710000,3948352
2019-11-07T05:00:00Z,29.830000,29.520000,29.915000,29.475000,1794869
2019-11-08T05:00:00Z,29.400000,29.510000,29.740000,29.400000,2006927
2019-11-11T05:00:00Z,29.620000,29.460000,29.790000,29.450000,2320611
2019-11-12T05:00:00Z,29.410000,29.280000,29.840000,29.190000,4296406
2019-11-13T05:00:00Z,29.400000,29.830000,29.920000,29.330000,2533807
2019-11-14T05:00:00Z,29.830000,30.000000,30.020000,29.810000,1996510
2019-11-15T05:00:00Z,30.000000,29.990000,30.000000,29.810000,2450951
2019-11-18T05:00:00Z,29.970000,29.990000,30.335000,29.870000,4350711
2019-11-19T05:00:00Z,30.000000,29.930000,30.160000,29.775000,3438736
2019-11-20T05:00:00Z,30.070000,30.060000,30.410000,29.920000,4944651
2019-11-21T05:00:00Z,30.100000,29.320000,30.120000,29.110000,30028375
2019-11-22T05:00:00Z,29.440000,29.640000,29.720000,28.990000,10545479
2019-11-25T05:00:00Z,29.680000,30.130000,30.210000,29.590000,14105728
2019-11-26T05:00:00Z,30.300000,30.490000,31.310000,30.145000,13206935
2019-11-27T05:00:00Z,30.420000,30.350000,30.600000,30.130000,4785282
2019-11-29T05:00:00Z,30.370000,30.530000,30.640000,30.350000,8467390
2019-12-02T05:00:00Z,30.480000,30.170000,30.540000,30.140000,4657640
2019-12-03T05:00:00Z,30.130000,30.080000,30.235000,29.945000,4398994
2019-12-04T05:00:00Z,30.000000,30.130000,30.255000,29.930000,3285425
2019-12-05T05:00:00Z,30.060000,29.820000,30.180000,29.630000,5314273
2019-12-06T05:00:00Z,29.900000,30.030000,30.080000,29.720000,3928522
2019-12-09T05:00:00Z,30.120000,30.140000,30.160000,29.790000,3124224
2019-12-10T05:00:00Z,30.130000,29.870000,30.160000,29.820000,3103801
2019-12-11T05:00:00Z,29.870000,29.460000,30.035000,29.255000,4935100
2019-12-12T05:00:00Z,29.420000,28.800000,29.510000,28.570000,4334881
2019-12-13T05:00:00Z,29.190000,29.030000,29.370000,28.590000,5239166
2019-12-16T05:00:00Z,28.970000,29.180000,29.260000,28.795000,5417092
2019-12-17T05:00:00Z,29.340000,28.690000,29.380000,28.570000,5600988
2019-12-18T05:00:00Z,28.660000,28.850000,28.940000,28.660000,6066653
2019-12-19T05:00:00Z,28.900000,29.230000,29.240000,28.760000,4669887
2019-12-20T05:00:00Z,29.370000,29.470000,29.500000,29.120000,7176837
2019-12-23T05:00:00Z,29.500000,29.180000,29.540000,29.140000,2752160
2019-12-24T05:00:00Z,29.210000,29.200000,29.310000,29.060000,1206652
2019-12-26T05:00:00Z,29.240000,29.430000,29.440000,29.140000,1261324
2019-12-27T05:00:00Z,29.450000,29.510000,29.510000,29.358400,1397615
2019-12-30T05:00:00Z,29.530000,29.760000,29.760000,29.430000,2715418
2019-12-31T05:00:00Z,29.780000,29.970000,29.970000,29.670000,7373613
2020-01-02T05:00:00Z,30.110000,29.470000,30.150000,29.370000,2527831
2020-01-03T05:00:00Z,29.380000,30.080000,30.100000,29.360000,2697823
2020-01-06T05:00:00Z,30.080000,30.190000,30.300000,29.870000,2945832
2020-01-07T05:00:00Z,30.050000,29.540000,30.060000,29.350000,3194152
2020-01-08T05:00:00Z,29.580000,29.840000,29.880000,29.480000,4649835
2020-01-09T05:00:00Z,29.850000,29.830000,30.040000,29.640000,2159956
2020-01-10T05:00:00Z,29.950000,30.060000,30.125000,29.820000,3196595
2020-01-13T05:00:00Z,30.050000,30.190000,30.225000,29.965000,3588860
2020-01-14T05:00:00Z,30.110000,29.870000,30.120000,29.655000,3511393
2020-01-15T05:00:00Z,29.950000,30.090000,30.350000,29.950000,3514450
2020-01-16T05:00:00Z,30.180000,30.530000,30.570000,30.060000,2194945
2020-01-17T05:00:00Z,30.500000,30.490000,30.645000,30.370000,2572163
2020-01-21T05:00:00Z,30.530000,30.910000,30.935000,30.460000,3589003
2020-01-22T05:00:00Z,31.070000,31.150000,31.420000,30.860000,5255633
2020-01-23T05:00:00Z,31.000000,31.360000,31.380000,30.920000,5168085
2020-01-24T05:00:00Z,31.400000,31.340000,31.590000,31.200000,2554041
2020-01-27T05:00:00Z,31.160000,31.200000,31.300000,31.030000,2148631
2020-01-28T05:00:00Z,31.220000,31.290000,31.410000,31.110000,2483813
2020-01-29T05:00:00Z,31.420000,31.320000,31.430000,31.090000,2810879
2020-01-30T05:00:00Z,31.360000,31.510000,31.629900,31.220000,1807979
2020-01-31T05:00:00Z,31.510000,31.470000,31.750000,31.285000,4045035
2020-02-03T05:00:00Z,31.730000,31.410000,31.780000,31.400000,2561108
2020-02-04T05:00:00Z,31.460000,31.730000,31.805000,31.450000,2719929
2020-02-05T05:00:00Z,31.660000,31.410000,31.725000,31.390000,2449440
2020-02-06T05:00:00Z,31.470000,31.560000,31.720000,31.390000,1846921
2020-02-07T05:00:00Z,31.630000,31.510000,31.660000,31.430000,1675083
2020-02-10T05:00:00Z,31.670000,31.920000,31.955000,31.610000,2128322
2020-02-11T05:00:00Z,31.710000,31.580000,31.935000,31.540000,3271375
2020-02-12T05:00:00Z,31.550000,31.820000,32.020000,31.495000,3555085
2020-02-13T05:00:00Z,31.780000,32.350000,32.420000,31.780000,2742784
2020-02-14T05:00:00Z,32.390000,32.550000,32.570000,32.235000,4284758
2020-02-18T05:00:00Z,32.520000,32.610000,32.700000,32.330000,3293348
2020-02-19T05:00:00Z,32.280000,31.770000,32.360000,31.700000,5133014
2020-02-20T05:00:00Z,31.540000,31.540000,31.810000,31.375000,3544256
2020-02-21T05:00:00Z,31.510000,31.390000,31.760000,31.240000,3203426
2020-02-24T05:00:00Z,31.010000,31.250000,31.505000,31.000000,2575547
2020-02-25T05:00:00Z,31.270000,30.450000,31.340000,30.435000,2951105
2020-02-26T05:00:00Z,30.370000,29.610000,30.530000,29.505000,4510448
2020-02-27T05:00:00Z,29.220000,28.940000,29.915000,28.930000,6429136
2020-02-28T05:00:00Z,28.500000,28.690000,29.060000,27.280000,10703004
2020-03-02T05:00:00Z,28.860000,29.850000,29.875000,28.760000,4700970
2020-03-03T05:00:00Z,29.900000,29.800000,30.560000,29.350000,5045317
2020-03-04T05:00:00Z,30.160000,30.730000,30.810000,30.160000,4421063
2020-03-05T05:00:00Z,30.290000,30.200000,30.670000,29.990000,3316602
2020-03-06T05:00:00Z,29.540000,29.540000,29.855000,28.685000,5847924
2020-03-09T04:00:00Z,28.110000,27.450000,28.375000,27.200000,7718321
2020-03-10T04:00:00Z,27.920000,28.460000,28.470000,26.890000,6855975
2020-03-11T04:00:00Z,27.850000,26.970000,27.930000,26.445000,8298750
2020-03-12T04:00:00Z,25.240000,25.680000,27.280000,22.000000,6656973
2020-03-13T04:00:00Z,26.720000,27.050000,27.150000,25.060000,6259089
2020-03-16T04:00:00Z,24.900000,20.680000,24.900000,20.670000,5565714
2020-03-17T04:00:00Z,21.490000,22.100000,22.660000,20.040000,7222287
2020-03-18T04:00:00Z,20.940000,19.300000,21.500000,17.140000,6894322
2020-03-19T04:00:00Z,19.260000,18.500000,19.630000,17.860000,8026950
2020-03-20T04:00:00Z,18.720000,17.190000,18.910000,16.870000,8349843
2020-03-23T04:00:00Z,16.930000,16.130000,16.990000,15.640000,6447269
2020-03-24T04:00:00Z,17.050000,18.140000,18.260000,16.760000,5961073
2020-03-25T04:00:00Z,18.120000,18.880000,19.710000,17.780000,7556327
2020-03-26T04:00:00Z,19.070000,19.930000,20.060000,18.470000,5889066
2020-03-27T04:00:00Z,19.270000,20.810000,21.500000,19.120000,5621757
2020-03-30T04:00:00Z,21.000000,21.190000,21.390000,20.060000,5653834
2020-03-31T04:00:00Z,20.900000,21.370000,21.740000,20.220000,8787684
2020-04-01T04:00:00Z,20.690000,20.280000,20.690000,19.232700,5575593
2020-04-02T04:00:00Z,19.900000,20.450000,20.550000,19.700000,4727729
2020-04-03T04:00:00Z,20.180000,19.370000,20.420000,18.870000,5347901
2020-04-06T04:00:00Z,20.160000,21.450000,21.620000,20.105000,6175238
2020-04-07T04:00:00Z,22.650000,21.600000,22.990000,21.440000,3856802
2020-04-08T04:00:00Z,21.930000,23.050000,23.190000,21.380000,3462331
2020-04-09T04:00:00Z,23.640000,24.310000,24.670000,23.440000,5019313
2020-04-13T04:00:00Z,24.150000,23.660000,24.200000,23.520000,3274750
2020-04-14T04:00:00Z,24.190000,24.200000,24.660000,23.915000,6527010
2020-04-15T04:00:00Z,23.440000,23.810000,24.100000,23.200000,5043671
2020-04-16T04:00:00Z,23.700000,22.830000,23.770000,22.250000,9798112
2020-04-17T04:00:00Z,23.480000,23.820000,24.000000,23.080000,4997116
2020-04-20T04:00:00Z,23.450000,22.240000,23.740000,22.200000,5212036
2020-04-21T04:00:00Z,21.650000,21.160000,22.090000,21.050000,5345628
2020-04-22T04:00:00Z,21.520000,22.080000,22.390000,21.310000,4905404
2020-04-23T04:00:00Z,22.300000,21.590000,22.355000,21.540000,3088686
2020-04-24T04:00:00Z,21.770000,21.780000,22.015000,21.210000,2328726
2020-04-27T04:00:00Z,21.940000,22.580000,22.680000,21.790000,1688076
2020-04-28T04:00:00Z,23.180000,22.800000,23.455000,22.490000,3815425
2020-04-29T04:00:00Z,23.770000,23.900000,24.130000,22.870000,4099415
2020-04-30T04:00:00Z,23.700000,23.650000,23.890000,23.110000,3274395
2020-05-01T04:00:00Z,22.990000,22.870000,23.310000,22.495000,2049435
2020-05-04T04:00:00Z,22.500000,22.790000,22.880000,22.250000,2603853
2020-05-05T04:00:00Z,23.120000,23.510000,23.690000,23.120000,4182719
2020-05-06T04:00:00Z,23.460000,23.050000,23.640000,22.900000,3978587
2020-05-07T04:00:00Z,23.000000,24.610000,24.980000,22.970000,5438344
2020-05-08T04:00:00Z,24.960000,24.930000,25.350000,24.690000,3438738
2020-05-11T04:00:00Z,24.600000,25.320000,25.730000,24.600000,4841610
2020-05-12T04:00:00Z,25.220000,24.120000,25.300000,24.070000,4369916
2020-05-13T04:00:00Z,23.910000,23.970000,24.410000,23.620000,5094935
2020-05-14T04:00:00Z,23.590000,24.020000,24.065000,22.755000,5074326
2020-05-15T04:00:00Z,23.800000,24.100000,24.165000,23.450000,3737950
2020-05-18T04:00:00Z,25.080000,25.420000,25.670000,24.660000,4692621
2020-05-19T04:00:00Z,25.220000,25.240000,25.630000,25.030000,4143476
2020-05-20T04:00:00Z,25.590000,24.710000,25.660000,24.420000,6259853
2020-05-21T04:00:00Z,24.440000,25.230000,25.280000,24.440000,4130338
2020-05-22T04:00:00Z,25.270000,25.450000,25.515000,25.010000,3831128
2020-05-26T04:00:00Z,25.600000,26.130000,26.410000,25.510000,5674712
2020-05-27T04:00:00Z,26.800000,26.270000,26.860000,25.790000,3494203
2020-05-28T04:00:00Z,26.610000,26.200000,26.840000,25.630000,4483055
2020-05-29T04:00:00Z,25.940000,26.300000,26.650000,25.670000,7669255
2020-06-01T04:00:00Z,26.550000,27.910000,28.060000,26.310000,5266602
2020-06-02T04:00:00Z,27.300000,27.590000,27.750000,27.250000,9389161
2020-06-03T04:00:00Z,27.840000,27.820000,28.400000,27.650000,4664512
2020-06-04T04:00:00Z,27.620000,27.730000,27.865000,27.190000,3220172
2020-06-05T04:00:00Z,28.630000,28.660000,29.615000,28.470000,6014087
2020-06-08T04:00:00Z,29.150000,29.200000,29.520000,28.820000,3591482
2020-06-09T04:00:00Z,28.560000,28.460000,28.865000,28.220000,3095216
2020-06-10T04:00:00Z,28.310000,27.560000,28.440000,27.240000,3853015
2020-06-11T04:00:00Z,26.320000,26.320000,26.710000,25.960000,4848318
2020-06-12T04:00:00Z,27.340000,27.670000,27.800000,26.795000,5804492
2020-06-15T04:00:00Z,26.730000,28.370000,28.520000,26.580000,5143334
2020-06-16T04:00:00Z,29.370000,28.870000,29.370000,28.450000,4107120
2020-06-17T04:00:00Z,29.090000,28.400000,29.090000,28.080000,3329747
2020-06-18T04:00:00Z,28.140000,28.350000,28.780000,27.570000,9212888
2020-06-19T04:00:00Z,28.560000,27.840000,28.660000,27.420000,11672503
2020-06-22T04:00:00Z,27.800000,28.150000,28.220000,27.330000,3930312
2020-06-23T04:00:00Z,28.370000,27.960000,28.520000,27.940000,4069143
2020-06-24T04:00:00Z,27.540000,27.270000,27.840000,26.685000,4488637
2020-06-25T04:00:00Z,27.170000,27.810000,27.840000,27.080000,3145974
2020-06-26T04:00:00Z,27.670000,27.230000,27.840000,27.185000,6184945
2020-06-29T04:00:00Z,27.370000,27.090000,27.510000,26.720000,3018189
2020-06-30T04:00:00Z,27.130000,27.530000,27.650000,27.120000,5083241
2020-07-01T04:00:00Z,27.520000,28.400000,28.480000,27.320000,4271559
2020-07-02T04:00:00Z,28.750000,28.230000,28.895000,27.871100,4984310
2020-07-06T04:00:00Z,28.770000,28.070000,28.810000,28.005000,2130366
2020-07-07T04:00:00Z,27.750000,27.460000,28.080000,27.435000,2838905
2020-07-08T04:00:00Z,27.460000,27.570000,27.770000,27.350000,2331430
2020-07-09T04:00:00Z,27.500000,27.370000,27.590000,27.100000,1561309
2020-07-10T04:00:00Z,27.370000,27.550000,27.750000,27.295000,2437312
2020-07-13T04:00:00Z,27.630000,27.080000,27.765000,27.060000,2052303
2020-07-14T04:00:00Z,27.060000,27.270000,27.410000,26.900000,3737600
2020-07-15T04:00:00Z,27.610000,27.590000,27.720000,27.300000,3126284
2020-07-16T04:00:00Z,27.370000,27.390000,27.680000,27.210100,2099937
2020-07-17T04:00:00Z,27.510000,28.020000,28.100000,27.310000,2532712
2020-07-20T04:00:00Z,27.950000,27.720000,28.000000,27.520000,1588638
2020-07-21T04:00:00Z,27.950000,27.660000,27.950000,27.500000,3598556
2020-07-22T04:00:00Z,27.510000,28.400000,28.510000,27.510000,2012497
2020-07-23T04:00:00Z,28.260000,27.950000,28.450000,27.690000,2402152
2020-07-24T04:00:00Z,27.890000,27.530000,28.030000,27.400000,2516126
2020-07-27T04:00:00Z,27.360000,28.010000,28.080000,27.180000,2777963
2020-07-28T04:00:00Z,27.910000,28.520000,28.630000,27.890000,1808431
2020-07-29T04:00:00Z,28.710000,29.350000,29.370000,28.695000,3207484
2020-07-30T04:00:00Z,28.930000,29.820000,29.965000,28.810000,2768811
2020-07-31T04:00:00Z,29.810000,29.820000,29.870000,28.990000,3504500
2020-08-03T04:00:00Z,29.690000,29.660000,29.810000,29.100000,2586607
2020-08-04T04:00:00Z,29.650000,29.670000,30.220000,29.480000,3212843
2020-08-05T04:00:00Z,29.820000,29.420000,29.845000,29.280000,1932425
2020-08-06T04:00:00Z,29.250000,29.330000,29.620000,29.150000,2814751
2020-08-07T04:00:00Z,29.260000,30.200000,30.245000,29.255000,2646984
2020-08-10T04:00:00Z,30.260000,30.030000,30.535000,29.990000,2456413
2020-08-11T04:00:00Z,30.200000,29.360000,30.200000,29.300000,3667406
2020-08-12T04:00:00Z,29.970000,29.850000,30.130000,29.610000,3174512
2020-08-13T04:00:00Z,29.750000,29.180000,29.960000,29.130000,2976917
2020-08-14T04:00:00Z,29.110000,28.670000,29.160000,28.635000,4177078
2020-08-17T04:00:00Z,28.680000,29.600000,29.685000,28.620000,4110256
2020-08-18T04:00:00Z,29.500000,29.260000,29.670000,29.125000,2001737
2020-08-19T04:00:00Z,29.300000,28.700000,29.370000,28.630000,2247354
2020-08-20T04:00:00Z,28.680000,28.750000,29.120000,28.560000,2678386
2020-08-21T04:00:00Z,28.840000,29.090000,29.220000,28.535000,2345575
2020-08-24T04:00:00Z,28.990000,29.110000,29.110000,28.350000,3531456
2020-08-25T04:00:00Z,29.200000,28.940000,29.260000,28.560000,2768132
2020-08-26T04:00:00Z,28.890000,28.500000,28.935000,28.405000,2776573
2020-08-27T04:00:00Z,28.560000,28.820000,29.070000,28.560000,2562765
2020-08-28T04:00:00Z,28.850000,28.660000,28.905000,28.590000,3191247
2020-08-31T04:00:00Z,28.660000,28.630000,28.810000,28.450000,2788328
2020-09-01T04:00:00Z,28.610000,28.770000,29.010000,28.460000,4769417
2020-09-02T04:00:00Z,28.720000,29.350000,29.380000,28.610000,3156141
2020-09-03T04:00:00Z,29.420000,28.820000,29.680000,28.690000,2261234
2020-09-04T04:00:00Z,28.810000,28.670000,29.200000,27.920000,3728028
2020-09-08T04:00:00Z,28.500000,28.180000,28.600000,27.900000,3619440
2020-09-09T04:00:00Z,28.750000,29.050000,29.448200,28.730000,4316589
2020-09-10T04:00:00Z,28.960000,28.420000,29.250000,28.350000,4973837
2020-09-11T04:00:00Z,28.510000,28.490000,28.700000,28.230000,2423809
2020-09-14T04:00:00Z,28.750000,29.160000,29.250000,28.585000,4791563
2020-09-15T04:00:00Z,29.150000,28.910000,29.480000,28.845000,2941964
2020-09-16T04:00:00Z,28.920000,28.930000,29.400000,28.910000,2947697
2020-09-17T04:00:00Z,28.720000,28.630000,29.020800,28.370000,2746902
2020-09-18T04:00:00Z,28.440000,28.330000,28.610000,28.000000,8142565
2020-09-21T04:00:00Z,27.960000,27.580000,28.005000,27.190000,4196983
2020-09-22T04:00:00Z,27.650000,27.720000,28.050000,27.590000,3851350
2020-09-23T04:00:00Z,27.590000,26.440000,27.720000,26.370000,3200092
2020-09-24T04:00:00Z,26.450000,26.960000,27.260000,26.350000,4639304
2020-09-25T04:00:00Z,26.970000,27.580000,27.590000,26.850000,3738194
2020-09-28T04:00:00Z,28.050000,28.540000,28.580000,27.880000,2850605
2020-09-29T04:00:00Z,28.460000,28.000000,28.530000,27.910000,4005580
2020-09-30T04:00:00Z,28.150000,27.990000,28.240000,27.570000,5229374
2020-10-01T04:00:00Z,28.160000,28.770000,28.780000,28.160000,5523025
2020-10-02T04:00:00Z,28.270000,29.310000,29.390000,28.120000,3937012
2020-10-05T04:00:00Z,29.490000,29.520000,29.610000,29.150000,2487750
2020-10-06T04:00:00Z,29.620000,29.410000,29.750000,29.230000,2737471
2020-10-07T04:00:00Z,29.650000,29.230000,29.730000,28.890000,2835894
2020-10-08T04:00:00Z,29.250000,29.870000,29.900000,29.230000,2527291
2020-10-09T04:00:00Z,30.080000,29.630000,30.130000,29.550000,2849767
2020-10-12T04:00:00Z,29.590000,29.700000,29.725000,29.260000,4468143
2020-10-13T04:00:00Z,29.550000,28.880000,29.720000,28.813600,4336035
2020-10-14T04:00:00Z,28.870000,28.480000,29.010000,28.350000,3645411
2020-10-15T04:00:00Z,28.290000,28.450000,28.730000,28.202000,3225142
2020-10-16T04:00:00Z,28.390000,27.940000,28.530000,27.940000,2332360
2020-10-19T04:00:00Z,28.190000,27.670000,28.222800,27.640000,3042007
2020-10-20T04:00:00Z,27.940000,27.950000,28.300000,27.830000,2827540
2020-10-21T04:00:00Z,27.800000,28.100000,28.147500,27.760000,2146803
2020-10-22T04:00:00Z,28.390000,28.790000,28.870000,28.170000,4128830
2020-10-23T04:00:00Z,28.990000,29.070000,29.190000,28.790000,1777615
2020-10-26T04:00:00Z,28.900000,28.640000,28.975000,28.370000,2270504
2020-10-27T04:00:00Z,28.540000,28.050000,28.835000,28.040000,2898296
2020-10-28T04:00:00Z,27.870000,27.320000,27.980000,27.260000,3750243
2020-10-29T04:00:00Z,27.220000,27.400000,27.620000,26.890000,2927453
2020-10-30T04:00:00Z,27.300000,27.260000,27.410000,26.870000,2874474
2020-11-02T05:00:00Z,27.510000,27.660000,27.935000,27.200000,3058448
2020-11-03T05:00:00Z,27.940000,28.000000,28.230000,27.733900,2668851
2020-11-04T05:00:00Z,28.120000,28.820000,28.950000,28.000000,5630894
2020-11-05T05:00:00Z,29.000000,28.970000,29.265000,28.840000,2872689
2020-11-06T05:00:00Z,29.030000,28.970000,29.470000,28.860000,2734984
2020-11-09T05:00:00Z,30.570000,27.590000,30.670000,27.420000,9585913
2020-11-10T05:00:00Z,27.690000,28.050000,28.095000,27.110000,9722759
2020-11-11T05:00:00Z,28.270000,29.050000,29.090000,28.010000,4691133
2020-11-12T05:00:00Z,29.110000,28.730000,29.110000,28.410000,2866840
2020-11-13T05:00:00Z,28.720000,29.170000,29.260000,28.720000,2911282
2020-11-16T05:00:00Z,29.570000,29.120000,29.590000,28.630000,3612186
2020-11-17T05:00:00Z,28.970000,28.800000,29.170000,28.660000,2222627
2020-11-18T05:00:00Z,28.820000,28.290000,29.250000,28.270000,4156576
2020-11-19T05:00:00Z,28.230000,28.080000,28.390000,27.810000,4319896
2020-11-20T05:00:00Z,28.040000,28.250000,28.320000,27.970000,3220392
2020-11-23T05:00:00Z,28.330000,28.150000,28.545000,28.130000,4214966
2020-11-24T05:00:00Z,28.350000,28.600000,28.730000,28.210000,5341998
2020-11-25T05:00:00Z,28.670000,29.250000,29.300000,28.510000,4217211
2020-11-27T05:00:00Z,29.280000,28.760000,29.300000,28.620000,2001808
2020-11-30T05:00:00Z,28.760000,28.580000,28.830000,28.465000,6807986
2020-12-01T05:00:00Z,28.800000,29.250000,29.340000,28.680100,3662661
2020-12-02T05:00:00Z,29.280000,28.880000,29.600000,28.850000,3004908
2020-12-03T05:00:00Z,28.890000,29.380000,29.490000,28.610000,3477176
2020-12-04T05:00:00Z,29.590000,30.240000,30.270000,29.500000,4164265
2020-12-07T05:00:00Z,30.020000,29.640000,30.220000,29.600000,3092310
2020-12-08T05:00:00Z,29.500000,29.460000,29.620000,29.200000,2318024
2020-12-09T05:00:00Z,29.400000,29.190000,29.600000,28.790000,2539681
2020-12-10T05:00:00Z,29.080000,28.910000,29.395000,28.820000,2985834
2020-12-11T05:00:00Z,28.910000,28.960000,29.130000,28.650000,2442251
2020-12-14T05:00:00Z,29.180000,28.780000,29.530100,28.720000,3589019
2020-12-15T05:00:00Z,28.980000,29.330000,29.340000,28.370000,3877608
2020-12-16T05:00:00Z,29.470000,29.190000,29.720000,29.070000,2446969
2020-12-17T05:00:00Z,29.260000,29.280000,29.370000,29.060000,3317902
2020-12-18T05:00:00Z,29.530000,28.380000,29.530000,28.305000,5915864
2020-12-21T05:00:00Z,28.030000,28.690000,28.790000,27.900000,3203282
2020-12-22T05:00:00Z,28.580000,29.020000,29.070000,28.480000,1982235
2020-12-23T05:00:00Z,29.180000,28.640000,29.340000,28.620000,2055783
2020-12-24T05:00:00Z,28.810000,29.110000,29.110000,28.760000,616768
2020-12-28T05:00:00Z,29.210000,29.340000,29.380000,29.015000,1786202
2020-12-29T05:00:00Z,29.480000,29.110000,29.710000,28.960000,1164718
2020-12-30T05:00:00Z,29.100000,29.530000,29.530000,29.030000,1530814
2020-12-31T05:00:00Z,29.530000,29.700000,29.720000,29.250000,2231692
2021-01-04T05:00:00Z,29.750000,28.580000,29.890000,28.530000,3420187
2021-01-05T05:00:00Z,28.690000,29.030000,29.180000,28.510000,4073984
2021-01-06T05:00:00Z,28.970000,29.100000,29.210000,28.690000,4803397
2021-01-07T05:00:00Z,29.120000,28.940000,29.220000,28.650000,3796833
2021-01-08T05:00:00Z,29.000000,29.330000,29.460000,28.890000,2713798
2021-01-11T05:00:00Z,29.170000,29.050000,29.350000,28.905000,2736815
2021-01-12T05:00:00Z,29.100000,28.730000,29.190000,28.720000,4159620
2021-01-13T05:00:00Z,28.700000,28.630000,29.060000,28.600000,3863463
2021-01-14T05:00:00Z,28.840000,28.950000,29.225000,28.600000,4594621
2021-01-15T05:00:00Z,28.910000,29.590000,29.690000,28.620000,2898749
2021-01-19T05:00:00Z,29.610000,29.440000,29.750000,29.180000,3313071
2021-01-20T05:00:00Z,29.250000,30.030000,30.275000,29.090000,3655946
2021-01-21T05:00:00Z,29.710000,30.090000,30.110000,29.650000,3000062
2021-01-22T05:00:00Z,29.950000,30.020000,30.330000,29.810000,2214140
2021-01-25T05:00:00Z,29.860000,29.670000,29.990000,29.440000,2287296
2021-01-26T05:00:00Z,29.590000,29.750000,29.950000,29.290000,2606818
2021-01-27T05:00:00Z,29.510000,28.710000,29.560000,28.640000,4442027
2021-01-28T05:00:00Z,28.660000,29.010000,29.550000,28.660000,3592038
2021-01-29T05:00:00Z,28.950000,29.480000,29.670000,28.780000,3536024
2021-02-01T05:00:00Z,29.560000,30.420000,30.420000,29.300000,2794141
2021-02-02T05:00:00Z,30.600000,30.260000,30.750000,30.090000,2825240
2021-02-03T05:00:00Z,29.930000,29.990000,30.133200,29.730000,3232376
2021-02-04T05:00:00Z,30.000000,30.110000,30.510000,29.930000,2382035
2021-02-05T05:00:00Z,30.250000,30.020000,30.350000,29.840000,1703353
2021-02-08T05:00:00Z,30.130000,30.090000,30.260000,29.890000,2186241
2021-02-09T05:00:00Z,30.000000,30.480000,30.490000,29.930000,2341097
2021-02-10T05:00:00Z,30.550000,30.550000,30.810000,30.220000,3167229
2021-02-11T05:00:00Z,30.660000,30.830000,30.880000,30.310000,5662365
2021-02-12T05:00:00Z,30.710000,31.000000,31.000000,30.650000,3331569
2021-02-16T05:00:00Z,31.200000,30.920000,31.230000,30.470000,2994027
2021-02-17T05:00:00Z,30.930000,30.350000,31.220000,30.160000,3365666
2021-02-18T05:00:00Z,30.330000,29.780000,30.470000,29.700000,3185449
2021-02-19T05:00:00Z,29.840000,29.980000,30.500000,29.840000,4537139
2021-02-22T05:00:00Z,29.750000,29.500000,29.845000,29.275000,4540220
2021-02-23T05:00:00Z,29.570000,29.850000,30.290000,29.490000,3753371
2021-02-24T05:00:00Z,29.850000,29.870000,30.200000,29.710000,3217925
2021-02-25T05:00:00Z,29.860000,29.710000,30.380000,29.450000,4577049
2021-02-26T05:00:00Z,29.770000,29.140000,29.830000,29.140000,5079628
2021-03-01T05:00:00Z,29.600000,29.320000,29.960000,29.150000,3880112
2021-03-02T05:00:00Z,29.200000,29.290000,29.545000,29.060000,3189551
2021-03-03T05:00:00Z,29.230000,28.650000,29.280000,28.460000,4358355
2021-03-04T05:00:00Z,28.610000,28.440000,29.011700,28.285000,5562234
2021-03-05T05:00:00Z,28.640000,28.420000,28.680000,27.435000,5066616
2021-03-08T05:00:00Z,28.590000,28.490000,29.110000,28.460000,4039750
2021-03-09T05:00:00Z,28.680000,28.880000,29.210000,28.540000,3243414
2021-03-10T05:00:00Z,29.050000,29.300000,29.525000,28.860000,4264478
2021-03-11T05:00:00Z,29.400000,29.710000,29.890000,29.200000,3485921
2021-03-12T05:00:00Z,29.740000,30.840000,30.890000,29.610000,5124715
2021-03-15T04:00:00Z,30.940000,31.360000,31.560000,30.560000,3610523
2021-03-16T04:00:00Z,31.460000,31.130000,31.525000,31.120000,2302532
2021-03-17T04:00:00Z,31.070000,30.990000,31.100000,30.610000,2221898
2021-03-18T04:00:00Z,30.810000,31.090000,31.240000,30.635000,3005095
2021-03-19T04:00:00Z,31.140000,30.610000,31.250000,30.580000,5057771
2021-03-22T04:00:00Z,30.520000,31.090000,31.280000,30.470000,3083682
2021-03-23T04:00:00Z,31.070000,31.050000,31.235000,30.835000,3536712
2021-03-24T04:00:00Z,31.020000,31.100000,31.550000,30.960000,3063938
2021-03-25T04:00:00Z,31.000000,31.680000,31.845000,30.825000,3198879
2021-03-26T04:00:00Z,31.900000,32.300000,32.320000,31.710000,2543070
2021-03-29T04:00:00Z,32.170000,32.200000,32.425000,31.750000,2700995
2021-03-30T04:00:00Z,32.140000,32.250000,32.330000,31.920000,2856174
2021-03-31T04:00:00Z,32.350000,31.990000,32.585000,31.980000,5300977
2021-04-01T04:00:00Z,32.210000,32.670000,32.685000,32.180000,4224331
2021-04-05T04:00:00Z,32.780000,32.350000,32.780000,32.070000,4268962
2021-04-06T04:00:00Z,32.230000,32.850000,32.850000,32.150000,3608428
2021-04-07T04:00:00Z,32.920000,32.520000,33.148000,32.365000,3994469
2021-04-08T04:00:00Z,32.500000,32.430000,32.750000,32.430000,2284559
2021-04-09T04:00:00Z,32.420000,32.370000,32.596300,32.300000,1749945
2021-04-12T04:00:00Z,32.430000,32.500000,32.550000,32.170000,2858536
2021-04-13T04:00:00Z,32.610000,32.720000,32.765000,32.460000,1681570
2021-04-14T04:00:00Z,32.680000,32.580000,32.940000,32.500000,1325904
2021-04-15T04:00:00Z,32.790000,33.060000,33.100000,32.700000,1965856
2021-04-16T04:00:00Z,33.210000,33.340000,33.460000,33.080000,5512510
2021-04-19T04:00:00Z,33.390000,33.630000,33.700000,33.300000,3588238
2021-04-20T04:00:00Z,33.690000,33.980000,34.075000,33.630000,2897204
2021-04-21T04:00:00Z,34.080000,33.850000,34.180000,33.840000,2419960
2021-04-22T04:00:00Z,33.810000,33.830000,34.300000,33.705000,3159961
2021-04-23T04:00:00Z,33.840000,33.940000,34.040000,33.630000,2323526
2021-04-26T04:00:00Z,34.040000,33.850000,34.225000,33.770000,2913113
2021-04-27T04:00:00Z,33.900000,33.910000,34.070000,33.740000,2462855
2021-04-28T04:00:00Z,34.020000,34.150000,34.300000,33.900000,6532090
2021-04-29T04:00:00Z,34.050000,34.720000,35.010000,34.000000,5265663
2021-04-30T04:00:00Z,34.720000,35.060000,35.140000,34.570000,3187377
2021-05-03T04:00:00Z,35.180000,34.740000,35.180000,34.620000,2596962
2021-05-04T04:00:00Z,34.710000,34.860000,35.020000,34.610000,2997351
2021-05-05T04:00:00Z,34.720000,34.280000,34.740000,34.050000,3533677
2021-05-06T04:00:00Z,34.410000,34.920000,34.930000,34.295000,2780374
2021-05-07T04:00:00Z,34.890000,35.030000,35.160000,34.840000,2794128
2021-05-10T04:00:00Z,35.100000,35.170000,35.480000,34.900000,3791426
2021-05-11T04:00:00Z,34.970000,35.080000,35.130000,34.660000,7142543
2021-05-12T04:00:00Z,35.070000,34.250000,35.220000,34.150000,7201387
2021-05-13T04:00:00Z,34.160000,34.660000,34.960000,34.160000,5739846
2021-05-14T04:00:00Z,34.750000,35.110000,35.220000,34.750000,4270765
2021-05-17T04:00:00Z,35.100000,35.170000,35.290000,34.790000,3679834
2021-05-18T04:00:00Z,35.230000,35.060000,35.590000,35.000000,4520624
2021-05-19T04:00:00Z,34.800000,34.960000,35.060000,34.450000,5983143
2021-05-20T04:00:00Z,34.980000,35.600000,35.735000,34.980000,4224757
2021-05-21T04:00:00Z,35.620000,35.340000,35.790000,35.210000,4260458
2021-05-24T04:00:00Z,35.340000,36.050000,36.225000,35.600000,4282771
2021-05-25T04:00:00Z,36.170000,36.190000,36.370000,35.880000,4520279
2021-05-26T04:00:00Z,36.400000,36.180000,36.450000,36.165000,3219414
2021-05-27T04:00:00Z,36.160000,35.890000,36.320000,35.870000,2856467
2021-05-28T04:00:00Z,36.090000,36.270000,36.310000,35.910000,2322591
2021-06-01T04:00:00Z,36.300000,36.560000,36.560000,35.920000,3735486
2021-06-02T04:00:00Z,36.670000,36.900000,36.945000,36.345000,2502814
2021-06-03T04:00:00Z,36.900000,36.760000,36.990000,36.500000,2741222
2021-06-04T04:00:00Z,36.920000,36.910000,36.980000,36.520000,3032491
2021-06-07T04:00:00Z,37.000000,37.450000,37.540000,36.990000,4421912
2021-06-08T04:00:00Z,37.550000,37.390000,37.880000,37.370000,4070597
2021-06-09T04:00:00Z,37.520000,37.450000,37.640000,37.185000,3625143
2021-06-10T04:00:00Z,37.450000,37.950000,38.000000,37.340000,2506927
2021-06-11T04:00:00Z,38.010000,37.710000,38.010000,37.570000,2919352
2021-06-14T04:00:00Z,37.710000,37.810000,37.860000,37.540000,1918943
2021-06-15T04:00:00Z,37.920000,37.420000,37.920000,37.410000,1732942
2021-06-16T04:00:00Z,37.480000,37.150000,37.710000,37.130000,5310892
2021-06-17T04:00:00Z,37.160000,37.420000,37.515000,37.110000,3952001
2021-06-18T04:00:00Z,37.140000,36.510000,37.310000,36.500000,6433400
2021-06-21T04:00:00Z,36.720000,37.530000,37.640000,36.650000,2088921
2021-06-22T04:00:00Z,37.550000,37.390000,37.630000,37.230000,2683249
2021-06-23T04:00:00Z,37.400000,37.610000,37.870000,37.220000,6271576
2021-06-24T04:00:00Z,37.360000,37.540000,37.640000,37.221000,4378634
2021-06-25T04:00:00Z,37.490000,37.950000,37.990000,37.435000,2767547
2021-06-28T04:00:00Z,37.990000,37.720000,37.990000,37.390000,3432023
2021-06-29T04:00:00Z,37.710000,37.520000,37.825000,37.425000,3019786
2021-06-30T04:00:00Z,37.740000,37.290000,37.860000,37.275000,4594191
2021-07-01T04:00:00Z,37.260000,37.540000,37.680000,37.080000,7766464
2021-07-02T04:00:00Z,37.620000,37.870000,37.940000,37.600000,3368719
2021-07-06T04:00:00Z,38.160000,38.770000,38.865000,37.840000,4870144
2021-07-07T04:00:00Z,38.770000,39.000000,39.390000,38.485000,5729625
2021-07-08T04:00:00Z,38.720000,39.380000,39.605000,38.441000,9635018
2021-07-09T04:00:00Z,39.670000,39.900000,39.900000,39.270000,4362128
2021-07-12T04:00:00Z,39.840000,40.090000,40.200000,39.730000,4030508
2021-07-13T04:00:00Z,40.070000,39.620000,40.156600,39.580000,3039700
2021-07-14T04:00:00Z,39.500000,39.840000,40.080000,39.500000,3590909
2021-07-15T04:00:00Z,39.800000,39.830000,39.900000,39.617700,3019975
2021-07-16T04:00:00Z,40.020000,39.970000,40.235000,39.865000,2611967
2021-07-19T04:00:00Z,39.700000,39.230000,39.800000,38.870000,2973906
2021-07-20T04:00:00Z,39.490000,40.250000,40.520000,39.240000,3729786
2021-07-21T04:00:00Z,40.260000,39.920000,40.400000,39.840000,2313192
2021-07-22T04:00:00Z,39.880000,39.850000,40.030000,39.690000,2616574
2021-07-23T04:00:00Z,39.850000,40.520000,40.590000,39.850000,1663726
2021-07-26T04:00:00Z,40.420000,40.250000,40.585000,40.070100,1608318
2021-07-27T04:00:00Z,40.300000,40.700000,40.810000,40.200000,5882700
2021-07-28T04:00:00Z,40.700000,40.540000,40.720000,40.280000,4559675
2021-07-29T04:00:00Z,40.680000,40.640000,41.090000,40.060000,3270806
2021-07-30T04:00:00Z,40.800000,40.680000,41.198000,40.670000,2962482
2021-08-02T04:00:00Z,40.920000,40.610000,41.170000,40.520000,2393400
2021-08-03T04:00:00Z,40.680000,40.410000,40.820000,40.110000,2183920
2021-08-04T04:00:00Z,40.450000,40.420000,40.590000,40.170000,2581996
2021-08-05T04:00:00Z,40.640000,40.430000,40.770000,40.110000,2208231
2021-08-06T04:00:00Z,40.450000,40.120000,40.520000,40.120000,2580675
