Date, Open, Close, High, Low, Volume
2018-01-02T05:00:00Z,13.090000,13.070000,13.255000,12.970000,4124260
2018-01-03T05:00:00Z,13.070000,13.160000,13.190000,13.030000,3876406
2018-01-04T05:00:00Z,13.230000,13.150000,13.320000,13.130000,3237058
2018-01-05T05:00:00Z,13.230000,13.070000,13.240000,12.990000,3886000
2018-01-08T05:00:00Z,13.080000,13.020000,13.100000,12.980000,2952893
2018-01-09T05:00:00Z,13.100000,13.130000,13.320000,13.090000,4306256
2018-01-10T05:00:00Z,13.410000,13.550000,13.900000,13.330000,10766449
2018-01-11T05:00:00Z,13.640000,13.780000,13.800000,13.540000,3996262
2018-01-12T05:00:00Z,13.800000,13.640000,13.815000,13.490000,4637541
2018-01-16T05:00:00Z,13.700000,13.560000,13.730000,13.550000,3762935
2018-01-17T05:00:00Z,13.600000,13.690000,13.740000,13.450000,3458343
2018-01-18T05:00:00Z,13.750000,13.720000,13.890000,13.710000,6427353
2018-01-19T05:00:00Z,13.720000,13.900000,13.965000,13.720000,4189868
2018-01-22T05:00:00Z,13.920000,13.980000,14.000000,13.800000,3422893
2018-01-23T05:00:00Z,13.910000,13.910000,13.990000,13.858700,3320588
2018-01-24T05:00:00Z,13.930000,13.880000,13.970000,13.810000,2681135
2018-01-25T05:00:00Z,13.920000,13.950000,13.955000,13.750000,3919261
2018-01-26T05:00:00Z,13.930000,14.000000,14.010000,13.850000,4171384
2018-01-29T05:00:00Z,13.980000,14.100000,14.210000,13.960000,5975796
2018-01-30T05:00:00Z,14.010000,13.940000,14.140000,13.940000,6112443
2018-01-31T05:00:00Z,14.100000,14.160000,14.410000,14.100000,8164824
2018-02-01T05:00:00Z,14.100000,14.200000,14.200000,13.810000,5288696
2018-02-02T05:00:00Z,14.180000,13.920000,14.210000,13.890000,5461253
2018-02-05T05:00:00Z,13.810000,13.520000,13.960000,13.450000,5644071
2018-02-06T05:00:00Z,13.240000,13.610000,13.620000,13.175000,6237731
2018-02-07T05:00:00Z,13.610000,13.640000,13.790000,13.500000,4998654
2018-02-08T05:00:00Z,13.700000,13.250000,13.700000,13.250000,4523035
2018-02-09T05:00:00Z,13.440000,13.590000,13.660000,13.275000,6541817
2018-02-12T05:00:00Z,13.550000,13.440000,13.590000,13.320000,6024560
2018-02-13T05:00:00Z,13.400000,13.540000,13.540000,13.330000,3988254
2018-02-14T05:00:00Z,13.500000,13.850000,13.870000,13.460000,5497578
2018-02-15T05:00:00Z,13.900000,14.030000,14.030000,13.850000,3960607
2018-02-16T05:00:00Z,14.010000,14.170000,14.225000,13.940000,4869088
2018-02-20T05:00:00Z,14.120000,14.090000,14.220000,14.030000,4485756
2018-02-21T05:00:00Z,14.090000,14.120000,14.230000,14.040000,3914532
2018-02-22T05:00:00Z,14.150000,13.910000,14.190000,13.870000,3252134
2018-02-23T05:00:00Z,13.950000,14.070000,14.070000,13.910000,2840941
2018-02-26T05:00:00Z,14.080000,14.070000,14.100000,13.900000,4098673
2018-02-27T05:00:00Z,14.100000,14.010000,14.150000,13.960000,5984579
2018-02-28T05:00:00Z,14.070000,13.620000,14.135000,13.570000,13202236
2018-03-01T05:00:00Z,13.580000,13.790000,13.910000,13.530000,4420763
2018-03-02T05:00:00Z,13.720000,14.150000,14.160000,13.575000,4768582
2018-03-05T05:00:00Z,14.050000,14.240000,14.345000,13.900000,6461453
2018-03-06T05:00:00Z,14.300000,14.360000,14.390000,14.120000,4395554
2018-03-07T05:00:00Z,14.230000,14.420000,14.440000,14.230000,3444078
2018-03-08T05:00:00Z,14.450000,14.280000,14.465000,14.200000,2971860
2018-03-09T05:00:00Z,14.410000,14.480000,14.490000,14.315000,2707013
2018-03-12T04:00:00Z,14.450000,14.460000,14.530000,14.400000,5303287
2018-03-13T04:00:00Z,14.480000,14.380000,14.490000,14.350000,3213777
2018-03-14T04:00:00Z,14.400000,14.160000,14.445000,14.130000,3879473
2018-03-15T04:00:00Z,14.220000,14.170000,14.230000,14.080000,4013978
2018-03-16T04:00:00Z,14.190000,14.110000,14.315000,14.110000,15119862
2018-03-19T04:00:00Z,14.120000,14.080000,14.130000,13.920000,3310626
2018-03-20T04:00:00Z,14.130000,14.050000,14.200000,14.030000,3653916
2018-03-21T04:00:00Z,14.090000,14.080000,14.185000,13.945000,3525777
2018-03-22T04:00:00Z,13.830000,13.480000,13.850000,13.470000,7252180
2018-03-23T04:00:00Z,13.480000,13.010000,13.480000,12.970000,5116204
2018-03-26T04:00:00Z,13.150000,13.290000,13.340000,13.090000,5842604
2018-03-27T04:00:00Z,13.340000,12.870000,13.350000,12.785000,7555783
2018-03-28T04:00:00Z,12.910000,12.950000,13.040000,12.820000,5898785
2018-03-29T04:00:00Z,12.990000,13.030000,13.050000,12.900000,5290512
2018-04-02T04:00:00Z,13.010000,12.780000,13.030000,12.570000,6914401
2018-04-03T04:00:00Z,12.790000,12.760000,12.880000,12.670000,4958629
2018-04-04T04:00:00Z,12.600000,12.790000,12.840000,12.570000,6674317
2018-04-05T04:00:00Z,12.880000,12.890000,12.930000,12.770000,4074047
2018-04-06T04:00:00Z,12.780000,12.560000,12.840000,12.360000,7300559
2018-04-09T04:00:00Z,12.600000,12.550000,12.810000,12.540000,3536062
2018-04-10T04:00:00Z,12.690000,12.710000,12.760000,12.590000,3426568
2018-04-11T04:00:00Z,12.560000,12.670000,12.730000,12.530000,3730563
2018-04-12T04:00:00Z,12.730000,12.860000,12.880000,12.700000,4117083
2018-04-13T04:00:00Z,12.920000,12.680000,12.950000,12.620000,3302746
2018-04-16T04:00:00Z,12.720000,12.690000,12.755000,12.580000,3016339
2018-04-17T04:00:00Z,12.770000,12.480000,12.770000,12.400000,4087340
2018-04-18T04:00:00Z,12.520000,12.440000,12.565000,12.440000,3322076
2018-04-19T04:00:00Z,12.450000,12.590000,12.690000,12.445000,5392422
2018-04-20T04:00:00Z,12.590000,12.640000,12.700000,12.570000,3752252
2018-04-23T04:00:00Z,12.680000,12.860000,12.860000,12.640000,4374769
2018-04-24T04:00:00Z,12.900000,12.960000,13.070000,12.840000,8588579
2018-04-25T04:00:00Z,12.500000,12.040000,12.600000,11.995000,13853780
2018-04-26T04:00:00Z,11.980000,11.900000,11.980000,11.720000,7959658
2018-04-27T04:00:00Z,11.850000,11.970000,11.990000,11.810000,3826946
2018-04-30T04:00:00Z,12.000000,11.880000,12.005000,11.850000,5512810
2018-05-01T04:00:00Z,11.840000,11.860000,11.906600,11.720000,3474718
2018-05-02T04:00:00Z,11.860000,11.940000,11.950000,11.780000,5005246
2018-05-03T04:00:00Z,11.880000,11.870000,11.980000,11.730000,6323626
2018-05-04T04:00:00Z,11.790000,12.020000,12.100000,11.750000,3333049
2018-05-07T04:00:00Z,11.860000,11.710000,11.900000,11.650000,5030432
2018-05-08T04:00:00Z,11.740000,11.550000,11.760000,11.480000,6241771
2018-05-09T04:00:00Z,11.630000,11.690000,11.755000,11.560000,3863404
2018-05-10T04:00:00Z,11.690000,11.720000,11.770000,11.600000,2636499
2018-05-11T04:00:00Z,11.740000,11.680000,11.800000,11.680000,2509495
2018-05-14T04:00:00Z,11.750000,11.820000,11.860000,11.680000,6709304
2018-05-15T04:00:00Z,11.790000,11.930000,12.030000,11.790000,6218618
2018-05-16T04:00:00Z,11.940000,11.970000,12.120000,11.923500,4758864
2018-05-17T04:00:00Z,12.030000,12.070000,12.100000,11.965000,3140758
2018-05-18T04:00:00Z,12.110000,12.030000,12.170000,12.020000,3906425
2018-05-21T04:00:00Z,12.070000,12.000000,12.090000,11.990000,3029386
2018-05-22T04:00:00Z,12.010000,12.050000,12.120000,11.980000,4771497
2018-05-23T04:00:00Z,12.070000,11.980000,12.110000,11.955000,3514123
2018-05-24T04:00:00Z,11.940000,11.920000,11.955000,11.680000,3331634
2018-05-25T04:00:00Z,11.880000,11.890000,11.940000,11.810000,2148774
2018-05-29T04:00:00Z,11.800000,11.570000,11.890000,11.550000,6564216
2018-05-30T04:00:00Z,11.670000,11.680000,11.800000,11.555000,4779232
2018-05-31T04:00:00Z,11.690000,11.590000,11.690000,11.510000,5323746
2018-06-01T04:00:00Z,11.720000,11.610000,11.830000,11.560000,4268703
2018-06-04T04:00:00Z,11.660000,11.760000,11.760000,11.614000,3240043
2018-06-05T04:00:00Z,11.740000,11.720000,11.800000,11.665000,3118605
2018-06-06T04:00:00Z,11.760000,11.890000,11.920000,11.710000,3211624
2018-06-07T04:00:00Z,11.930000,11.920000,12.000000,11.880000,3005819
2018-06-08T04:00:00Z,11.930000,11.990000,12.060000,11.900000,3102030
2018-06-11T04:00:00Z,12.000000,11.890000,12.130000,11.880000,3261989
2018-06-12T04:00:00Z,11.900000,11.870000,11.940000,11.823800,2627307
2018-06-13T04:00:00Z,11.870000,11.560000,11.900000,11.560000,7186315
2018-06-14T04:00:00Z,11.580000,11.540000,11.730000,11.535000,6056542
2018-06-15T04:00:00Z,11.530000,11.500000,11.530000,11.350000,10100174
2018-06-18T04:00:00Z,11.420000,11.530000,11.589900,11.380000,4956286
2018-06-19T04:00:00Z,11.420000,11.610000,11.620000,11.420000,3877336
2018-06-20T04:00:00Z,11.630000,11.470000,11.670000,11.460000,3814309
2018-06-21T04:00:00Z,11.460000,11.490000,11.560000,11.360000,3821786
2018-06-22T04:00:00Z,11.560000,11.410000,11.590000,11.350000,5894745
2018-06-25T04:00:00Z,11.350000,11.350000,11.430000,11.210000,3945316
2018-06-26T04:00:00Z,11.360000,11.250000,11.360000,11.210000,2994572
2018-06-27T04:00:00Z,11.310000,11.130000,11.320000,11.115000,3110558
2018-06-28T04:00:00Z,11.160000,11.120000,11.200000,11.040000,2395520
2018-06-29T04:00:00Z,11.200000,11.040000,11.260000,11.040000,3970704
2018-07-02T04:00:00Z,10.930000,11.030000,11.070000,10.890000,3893921
2018-07-03T04:00:00Z,11.050000,11.070000,11.180000,11.050000,2108566
2018-07-05T04:00:00Z,11.100000,11.240000,11.270000,10.880000,11033380
2018-07-06T04:00:00Z,11.230000,11.270000,11.310000,11.100000,4081435
2018-07-09T04:00:00Z,11.330000,11.670000,11.710000,11.260000,7390711
2018-07-10T04:00:00Z,11.690000,11.550000,11.730000,11.440000,4852719
2018-07-11T04:00:00Z,11.520000,11.530000,11.650000,11.480000,3571835
2018-07-12T04:00:00Z,11.630000,11.430000,11.630000,11.260000,5855666
2018-07-13T04:00:00Z,11.400000,11.420000,11.525000,11.335000,4081484
2018-07-16T04:00:00Z,11.450000,11.490000,11.530000,11.420000,2661390
2018-07-17T04:00:00Z,11.490000,11.490000,11.550000,11.445000,2138723
2018-07-18T04:00:00Z,11.480000,11.510000,11.600000,11.420000,3320078
2018-07-19T04:00:00Z,11.460000,11.430000,11.520000,11.330000,4721017
2018-07-20T04:00:00Z,11.420000,11.410000,11.450000,11.275000,4273265
2018-07-23T04:00:00Z,11.410000,11.540000,11.650000,11.400000,3692422
2018-07-24T04:00:00Z,11.540000,11.410000,11.540000,11.300000,4560222
2018-07-25T04:00:00Z,11.630000,10.520000,11.630000,10.400000,16516804
2018-07-26T04:00:00Z,10.570000,10.550000,10.870000,10.490000,6600763
2018-07-27T04:00:00Z,10.520000,10.710000,10.720000,10.510000,5528880
2018-07-30T04:00:00Z,10.720000,10.830000,10.870000,10.720000,4324025
2018-07-31T04:00:00Z,10.830000,10.770000,10.830000,10.610000,5622823
2018-08-01T04:00:00Z,10.820000,10.750000,10.850000,10.680000,6333139
2018-08-02T04:00:00Z,10.730000,10.750000,10.820000,10.685000,5220038
2018-08-03T04:00:00Z,10.730000,10.730000,10.820000,10.690000,4056831
2018-08-06T04:00:00Z,10.570000,10.520000,10.600000,10.450000,5525972
2018-08-07T04:00:00Z,10.550000,10.570000,10.610000,10.500000,6596815
2018-08-08T04:00:00Z,10.560000,10.800000,10.830000,10.500000,7321093
2018-08-09T04:00:00Z,10.780000,10.720000,10.930000,10.680000,4688711
2018-08-10T04:00:00Z,10.610000,10.610000,10.700000,10.510000,3911700
2018-08-13T04:00:00Z,10.590000,10.600000,10.670000,10.540000,2614842
2018-08-14T04:00:00Z,10.600000,10.740000,10.790000,10.570000,3289181
2018-08-15T04:00:00Z,10.720000,10.610000,10.739000,10.570000,3743292
2018-08-16T04:00:00Z,10.660000,10.760000,10.820000,10.620000,3031092
2018-08-17T04:00:00Z,10.760000,10.850000,10.900000,10.695000,2329484
2018-08-20T04:00:00Z,10.840000,10.870000,10.910000,10.780000,3365778
2018-08-21T04:00:00Z,10.870000,11.050000,11.170000,10.840000,6397590
2018-08-22T04:00:00Z,11.050000,10.970000,11.090000,10.960000,4171561
2018-08-23T04:00:00Z,10.940000,10.850000,10.970000,10.660000,5507366
2018-08-24T04:00:00Z,10.880000,10.770000,10.895500,10.720000,2730196
2018-08-27T04:00:00Z,10.790000,10.890000,10.950000,10.770000,2789807
2018-08-28T04:00:00Z,10.940000,10.920000,10.960000,10.840000,3250678
2018-08-29T04:00:00Z,10.920000,10.910000,10.950000,10.730000,4857504
2018-08-30T04:00:00Z,10.880000,10.840000,10.920000,10.820000,4456345
2018-08-31T04:00:00Z,10.830000,10.770000,10.830000,10.720000,4112387
2018-09-04T04:00:00Z,10.750000,10.840000,10.885000,10.700000,3019512
2018-09-05T04:00:00Z,10.830000,10.890000,10.990000,10.820000,3339696
2018-09-06T04:00:00Z,10.870000,11.020000,11.030000,10.860000,6278800
2018-09-07T04:00:00Z,11.060000,10.940000,11.065000,10.885000,3574091
2018-09-10T04:00:00Z,10.990000,10.940000,11.020000,10.900000,2737307
2018-09-11T04:00:00Z,10.910000,10.910000,10.980000,10.880000,2837594
2018-09-12T04:00:00Z,10.880000,10.890000,10.910000,10.790000,5019560
2018-09-13T04:00:00Z,10.930000,10.840000,10.980000,10.780000,7794951
2018-09-14T04:00:00Z,10.870000,10.880000,10.960000,10.810000,2998947
2018-09-17T04:00:00Z,10.900000,10.790000,10.930000,10.770000,2561737
2018-09-18T04:00:00Z,10.760000,10.650000,10.775000,10.640000,3884015
2018-09-19T04:00:00Z,10.650000,10.760000,10.800000,10.640000,3498754
2018-09-20T04:00:00Z,10.790000,10.980000,11.050000,10.750000,3131799
2018-09-21T04:00:00Z,10.980000,11.000000,11.065000,10.900000,5897141
2018-09-24T04:00:00Z,10.960000,10.530000,10.970000,10.500000,6656549
2018-09-25T04:00:00Z,10.560000,10.520000,10.660000,10.520000,3370074
2018-09-26T04:00:00Z,10.550000,10.380000,10.580000,10.380000,4967314
2018-09-27T04:00:00Z,10.380000,10.260000,10.500000,10.250000,4366511
2018-09-28T04:00:00Z,10.240000,10.370000,10.395000,10.170000,5511454
2018-10-01T04:00:00Z,10.440000,10.260000,10.440000,10.230000,3264397
2018-10-02T04:00:00Z,10.250000,10.270000,10.410000,10.170000,3406407
2018-10-03T04:00:00Z,10.320000,10.500000,10.560000,10.310000,4153259
2018-10-04T04:00:00Z,10.490000,10.560000,10.710000,10.490000,4295203
2018-10-05T04:00:00Z,10.600000,10.530000,10.640000,10.480000,3064164
2018-10-08T04:00:00Z,10.510000,10.690000,10.710000,10.500000,2812105
2018-10-09T04:00:00Z,10.650000,10.560000,10.740000,10.560000,4806718
2018-10-10T04:00:00Z,10.590000,10.510000,10.770000,10.510000,6494575
2018-10-11T04:00:00Z,10.500000,10.120000,10.500000,10.110000,7339112
2018-10-12T04:00:00Z,10.210000,9.850000,10.260000,9.645000,7251757
2018-10-15T04:00:00Z,9.860000,9.850000,9.980000,9.825000,3909943
2018-10-16T04:00:00Z,9.880000,9.880000,9.930000,9.720000,3398124
2018-10-17T04:00:00Z,9.890000,9.910000,10.140000,9.810000,4298155
2018-10-18T04:00:00Z,9.870000,9.850000,10.095000,9.775000,5106680
2018-10-19T04:00:00Z,9.810000,9.810000,9.930000,9.710000,4114605
2018-10-22T04:00:00Z,9.830000,9.380000,9.880000,9.330000,6413458
2018-10-23T04:00:00Z,9.310000,9.410000,9.500000,9.210000,10540820
2018-10-24T04:00:00Z,9.365000,9.090000,9.410000,8.880000,13155780
2018-10-25T04:00:00Z,9.000000,9.130000,9.240000,8.910000,7459091
2018-10-26T04:00:00Z,9.160000,9.280000,9.350000,8.980000,6812127
2018-10-29T04:00:00Z,9.250000,9.350000,9.540000,9.250000,10792698
2018-10-30T04:00:00Z,9.390000,9.650000,9.670000,9.335000,9238671
2018-10-31T04:00:00Z,9.730000,9.580000,9.810000,9.580000,10468479
2018-11-01T04:00:00Z,9.630000,9.810000,9.900000,9.550000,7848035
2018-11-02T04:00:00Z,9.900000,9.810000,9.938600,9.660000,5139952
2018-11-05T05:00:00Z,9.670000,9.690000,9.770000,9.480000,5771069
2018-11-06T05:00:00Z,9.620000,9.730000,9.770000,9.530000,3917920
2018-11-07T05:00:00Z,9.730000,9.830000,9.840000,9.480000,5345979
2018-11-08T05:00:00Z,9.780000,9.780000,9.930000,9.750000,4818775
2018-11-09T05:00:00Z,9.730000,9.600000,9.800000,9.510000,5566250
2018-11-12T05:00:00Z,9.580000,9.450000,9.630000,9.420000,5286308
2018-11-13T05:00:00Z,9.450000,9.590000,9.715000,9.430000,6700525
2018-11-14T05:00:00Z,9.600000,9.430000,9.620000,9.250000,11131205
2018-11-15T05:00:00Z,9.340000,9.500000,9.620000,9.270000,6672861
2018-11-16T05:00:00Z,9.460000,9.420000,9.600000,9.420000,7914735
2018-11-19T05:00:00Z,9.400000,9.590000,9.645000,9.400000,8837720
2018-11-20T05:00:00Z,9.570000,9.620000,9.760000,9.490000,14502285
2018-11-21T05:00:00Z,9.630000,9.520000,9.760000,9.460000,8577727
2018-11-23T05:00:00Z,9.510000,9.620000,9.740000,9.400000,3609718
2018-11-26T05:00:00Z,9.710000,9.890000,9.920000,9.700000,5439957
2018-11-27T05:00:00Z,9.790000,9.860000,10.050000,9.790000,7800065
2018-11-28T05:00:00Z,9.850000,10.220000,10.260000,9.770000,7758161
2018-11-29T05:00:00Z,10.140000,10.560000,10.765000,10.120000,15968564
2018-11-30T05:00:00Z,10.540000,10.630000,10.835000,10.515000,39097469
2018-12-03T05:00:00Z,10.750000,10.470000,10.750000,10.290000,13236063
2018-12-04T05:00:00Z,10.320000,10.230000,10.460000,10.105000,9596555
2018-12-06T05:00:00Z,10.060000,10.290000,10.325000,9.945000,9770599
2018-12-07T05:00:00Z,10.280000,10.050000,10.395000,9.980000,10282722
2018-12-10T05:00:00Z,10.030000,9.750000,10.140000,9.710000,10380832
2018-12-11T05:00:00Z,9.840000,9.600000,9.930000,9.590000,7780371
2018-12-12T05:00:00Z,9.730000,9.880000,9.940000,9.600000,6270104
2018-12-13T05:00:00Z,9.880000,9.500000,9.895000,9.490000,7396409
2018-12-14T05:00:00Z,9.410000,9.420000,9.580000,9.380000,7483302
2018-12-17T05:00:00Z,9.380000,9.290000,9.515000,9.230000,7221572
2018-12-18T05:00:00Z,9.360000,9.240000,9.475000,9.060000,8553218
2018-12-19T05:00:00Z,9.210000,8.950000,9.390000,8.930000,9031636
2018-12-20T05:00:00Z,8.860000,8.940000,9.050000,8.860000,5158452
2018-12-21T05:00:00Z,8.950000,8.780000,9.060000,8.730000,11748643
2018-12-24T05:00:00Z,8.720000,8.760000,8.890000,8.610000,4448903
2018-12-26T05:00:00Z,8.760000,9.130000,9.130000,8.680000,7698777
2018-12-27T05:00:00Z,8.960000,9.010000,9.090000,8.710000,9240498
2018-12-28T05:00:00Z,9.010000,9.210000,9.330000,8.960000,8595060
2018-12-31T05:00:00Z,9.220000,9.410000,9.435000,9.050000,11738378
2019-01-02T05:00:00Z,9.240000,9.560000,9.600000,9.200000,7394421
2019-01-03T05:00:00Z,9.560000,9.680000,9.890000,9.500000,6170224
2019-01-04T05:00:00Z,9.820000,9.940000,9.980000,9.740000,6589059
2019-01-07T05:00:00Z,9.950000,9.890000,10.010000,9.780000,6498237
2019-01-08T05:00:00Z,10.150000,10.040000,10.150000,9.860000,7036867
2019-01-09T05:00:00Z,10.100000,10.100000,10.220000,9.990000,6325265
2019-01-10T05:00:00Z,9.990000,10.160000,10.200000,9.935000,5779663
2019-01-11T05:00:00Z,10.150000,10.110000,10.200000,10.000000,6112228
2019-01-14T05:00:00Z,10.070000,10.170000,10.275000,10.010000,5727255
2019-01-15T05:00:00Z,10.170000,10.130000,10.200000,10.070000,4524348
2019-01-16T05:00:00Z,10.200000,10.170000,10.280000,10.090000,5335117
2019-01-17T05:00:00Z,10.130000,10.390000,10.400000,10.130000,5616453
2019-01-18T05:00:00Z,10.440000,10.570000,10.605000,10.370000,3471741
2019-01-22T05:00:00Z,10.500000,10.560000,10.615000,10.500000,4791789
2019-01-23T05:00:00Z,10.560000,10.590000,10.680000,10.530000,6278412
2019-01-24T05:00:00Z,10.560000,10.600000,10.680000,10.500000,2512166
2019-01-25T05:00:00Z,10.680000,10.700000,10.760000,10.600000,3329001
2019-01-28T05:00:00Z,10.600000,10.860000,10.865000,10.600000,3769265
2019-01-29T05:00:00Z,10.870000,10.870000,10.940000,10.820000,7209153
2019-01-30T05:00:00Z,10.950000,11.430000,11.440000,10.950000,11474106
2019-01-31T05:00:00Z,11.430000,11.620000,11.665000,11.370000,12220621
2019-02-01T05:00:00Z,11.650000,11.970000,11.970000,11.600000,7597107
2019-02-04T05:00:00Z,11.980000,11.850000,11.985000,11.760000,7527475
2019-02-05T05:00:00Z,11.850000,11.820000,11.936600,11.780000,5054237
2019-02-06T05:00:00Z,11.960000,12.030000,12.200000,11.890000,10675812
2019-02-07T05:00:00Z,12.100000,11.990000,12.150000,11.935000,14021161
2019-02-08T05:00:00Z,11.950000,11.980000,12.030000,11.770000,4602490
2019-02-11T05:00:00Z,11.880000,11.820000,11.880000,11.740000,5296778
2019-02-12T05:00:00Z,11.900000,11.950000,12.000000,11.870000,6694568
2019-02-13T05:00:00Z,11.950000,12.060000,12.120000,11.940000,6631745
2019-02-14T05:00:00Z,11.960000,11.910000,12.030000,11.900000,5128697
2019-02-15T05:00:00Z,11.990000,12.050000,12.065000,11.950000,6239036
2019-02-19T05:00:00Z,12.030000,12.250000,12.290000,11.980000,6491714
2019-02-20T05:00:00Z,12.260000,12.250000,12.350000,12.100000,5767885
2019-02-21T05:00:00Z,12.240000,12.240000,12.275000,12.150000,4659089
2019-02-22T05:00:00Z,12.320000,12.340000,12.360000,12.220000,3410958
2019-02-25T05:00:00Z,12.380000,12.290000,12.435000,12.240000,4062603
2019-02-26T05:00:00Z,12.200000,12.240000,12.320000,12.155000,4341173
2019-02-27T05:00:00Z,12.260000,12.440000,12.460000,12.235000,3263805
2019-02-28T05:00:00Z,12.450000,12.510000,12.550000,12.410000,5918823
2019-03-01T05:00:00Z,12.590000,12.650000,12.700000,12.450000,4368050
2019-03-04T05:00:00Z,12.640000,12.610000,12.720000,12.440000,4666245
2019-03-05T05:00:00Z,12.590000,12.570000,12.610000,12.435000,3378141
2019-03-06T05:00:00Z,12.590000,12.380000,12.630000,12.340000,4073279
2019-03-07T05:00:00Z,12.380000,12.220000,12.390000,12.090000,6815367
2019-03-08T05:00:00Z,12.080000,12.220000,12.280000,12.030000,5004241
2019-03-11T04:00:00Z,11.930000,12.020000,12.110000,11.840000,9209484
2019-03-12T04:00:00Z,12.030000,12.010000,12.130000,11.960000,3701466
2019-03-13T04:00:00Z,12.080000,12.010000,12.080000,11.970000,4959028
2019-03-14T04:00:00Z,12.040000,12.030000,12.130000,11.940000,5826849
2019-03-15T04:00:00Z,12.010000,12.030000,12.120000,11.980000,11945898
2019-03-18T04:00:00Z,12.050000,12.210000,12.220000,12.030000,2836969
2019-03-19T04:00:00Z,12.250000,11.960000,12.250000,11.950000,4457199
2019-03-20T04:00:00Z,11.910000,11.590000,11.980000,11.580000,8460394
2019-03-21T04:00:00Z,11.530000,11.720000,11.885000,11.510000,7218609
2019-03-22T04:00:00Z,11.630000,11.500000,11.710000,11.410000,5755122
2019-03-25T04:00:00Z,11.440000,11.390000,11.620000,11.345000,6733218
2019-03-26T04:00:00Z,11.480000,11.680000,11.690000,11.465000,4179113
2019-03-27T04:00:00Z,11.720000,11.660000,11.740000,11.540000,4413968
2019-03-28T04:00:00Z,11.680000,11.780000,11.800000,11.660000,4186108
2019-03-29T04:00:00Z,11.940000,11.570000,11.940000,11.535000,5103562
2019-04-01T04:00:00Z,11.650000,11.790000,11.790000,11.620000,4117020
2019-04-02T04:00:00Z,11.740000,11.660000,11.850000,11.630000,4845714
2019-04-03T04:00:00Z,11.770000,11.730000,11.830000,11.680000,5973281
2019-04-04T04:00:00Z,11.710000,11.810000,11.845000,11.700000,3664782
2019-04-05T04:00:00Z,11.810000,11.830000,11.890000,11.775000,3258260
2019-04-08T04:00:00Z,11.750000,11.840000,11.840000,11.730000,5257575
2019-04-09T04:00:00Z,11.830000,11.740000,11.870000,11.680000,3896396
2019-04-10T04:00:00Z,11.750000,11.870000,11.880000,11.680000,2307600
2019-04-11T04:00:00Z,11.940000,11.940000,11.960000,11.790000,3656859
2019-04-12T04:00:00Z,11.990000,12.000000,12.120000,11.775000,4291920
2019-04-15T04:00:00Z,12.010000,11.910000,12.010000,11.863100,3084345
2019-04-16T04:00:00Z,11.940000,11.940000,12.035000,11.790000,5407825
2019-04-17T04:00:00Z,11.820000,11.410000,11.830000,11.340000,10634569
2019-04-18T04:00:00Z,11.410000,11.380000,11.505000,11.340000,3834291
2019-04-22T04:00:00Z,11.380000,11.310000,11.450000,11.225000,4957407
2019-04-23T04:00:00Z,11.300000,11.320000,11.370000,11.140000,10053489
2019-04-24T04:00:00Z,11.260000,11.380000,11.430000,11.130000,5586685
2019-04-25T04:00:00Z,11.340000,11.210000,11.370000,11.210000,4016691
2019-04-26T04:00:00Z,11.230000,11.350000,11.416600,11.190000,3067531
2019-04-29T04:00:00Z,11.370000,11.420000,11.500000,11.320000,5481579
2019-04-30T04:00:00Z,11.720000,11.630000,11.950000,11.500000,7915187
2019-05-01T04:00:00Z,11.580000,11.380000,11.740000,11.375000,7592452
2019-05-02T04:00:00Z,11.410000,11.490000,11.560000,11.280000,5012034
2019-05-03T04:00:00Z,11.550000,11.590000,11.660000,11.530000,6219083
2019-05-06T04:00:00Z,11.420000,11.550000,11.610000,11.420000,2862888
2019-05-07T04:00:00Z,11.460000,11.340000,11.510000,11.285000,3715493
2019-05-08T04:00:00Z,11.340000,11.240000,11.390000,11.220000,2461993
2019-05-09T04:00:00Z,11.170000,11.250000,11.290000,11.060000,2273232
2019-05-10T04:00:00Z,11.230000,11.300000,11.330000,11.120000,2472420
2019-05-13T04:00:00Z,11.000000,10.910000,11.120000,10.900000,3777162
2019-05-14T04:00:00Z,10.910000,11.000000,11.110000,10.880000,3786062
2019-05-15T04:00:00Z,10.900000,10.670000,10.950000,10.465000,6269015
2019-05-16T04:00:00Z,10.650000,10.550000,10.670000,10.195000,9976579
2019-05-17T04:00:00Z,10.470000,10.470000,10.690000,10.440000,4297573
2019-05-20T04:00:00Z,10.370000,10.290000,10.480000,10.235000,4679487
2019-05-21T04:00:00Z,10.310000,10.360000,10.360000,10.190000,8194215
2019-05-22T04:00:00Z,10.360000,10.240000,10.385000,10.170000,4162024
2019-05-23T04:00:00Z,10.160000,10.170000,10.270000,10.070000,5475154
2019-05-24T04:00:00Z,10.190000,10.180000,10.285000,10.160000,2408461
2019-05-28T04:00:00Z,10.170000,10.020000,10.170000,10.000000,3449664
2019-05-29T04:00:00Z,10.000000,10.290000,10.325000,9.935000,6190271
2019-05-30T04:00:00Z,10.330000,9.930000,10.340000,9.860000,6156683
2019-05-31T04:00:00Z,9.790000,9.930000,10.050000,9.740000,5568446
2019-06-03T04:00:00Z,9.910000,10.120000,10.150000,9.870000,5342600
2019-06-04T04:00:00Z,10.220000,10.240000,10.325000,10.145000,4644573
2019-06-05T04:00:00Z,10.210000,10.280000,10.350000,10.140000,3792941
2019-06-06T04:00:00Z,10.290000,10.190000,10.310000,10.025000,5753264
2019-06-07T04:00:00Z,10.170000,10.100000,10.180000,10.060000,3576219
2019-06-10T04:00:00Z,10.190000,10.170000,10.250000,10.100000,2923132
2019-06-11T04:00:00Z,10.190000,10.380000,10.495000,10.190000,5493598
2019-06-12T04:00:00Z,10.290000,9.750000,10.350000,9.680000,15157745
2019-06-13T04:00:00Z,9.720000,9.650000,9.820000,9.410000,12944985
2019-06-14T04:00:00Z,9.620000,9.640000,9.750000,9.380000,5609200
2019-06-17T04:00:00Z,9.610000,9.620000,9.795000,9.580000,3951710
2019-06-18T04:00:00Z,9.620000,9.560000,9.850000,9.525000,5653993
2019-06-19T04:00:00Z,9.590000,9.590000,9.660000,9.500000,5288904
2019-06-20T04:00:00Z,9.660000,9.540000,9.660000,9.420000,7963661
2019-06-21T04:00:00Z,9.490000,9.570000,9.680000,9.470000,6491253
2019-06-24T04:00:00Z,9.590000,9.600000,9.730000,9.540000,4004933
2019-06-25T04:00:00Z,9.630000,9.800000,9.875000,9.540000,7588938
2019-06-26T04:00:00Z,9.830000,9.750000,9.890000,9.730000,6211033
2019-06-27T04:00:00Z,9.790000,9.840000,9.880000,9.740000,2566320
2019-06-28T04:00:00Z,9.900000,9.980000,10.020000,9.877000,4684887
2019-07-01T04:00:00Z,10.040000,10.110000,10.115000,9.950000,3597612
2019-07-02T04:00:00Z,10.080000,10.100000,10.150000,9.964800,5266923
2019-07-03T04:00:00Z,10.100000,10.240000,10.240000,10.100000,2846841
2019-07-05T04:00:00Z,10.260000,10.210000,10.305000,10.110000,3630892
2019-07-08T04:00:00Z,10.190000,10.150000,10.210000,10.025000,4190375
2019-07-09T04:00:00Z,10.070000,10.210000,10.210000,10.030000,3418473
2019-07-10T04:00:00Z,10.230000,10.210000,10.270000,10.120000,3279062
2019-07-11T04:00:00Z,10.420000,10.320000,10.440000,10.170000,5611935
2019-07-12T04:00:00Z,10.450000,10.520000,10.610000,10.370000,4175506
2019-07-15T04:00:00Z,10.540000,10.490000,10.580000,10.430000,4091847
2019-07-16T04:00:00Z,10.490000,10.550000,10.590000,10.430000,3196477
2019-07-17T04:00:00Z,10.540000,10.600000,10.670000,10.446100,4084393
2019-07-18T04:00:00Z,10.590000,10.580000,10.680000,10.490000,3777562
2019-07-19T04:00:00Z,10.560000,10.610000,10.630000,10.470000,3701843
2019-07-22T04:00:00Z,10.610000,10.620000,10.630000,10.510000,3569849
2019-07-23T04:00:00Z,10.640000,10.710000,10.730000,10.550000,3442285
2019-07-24T04:00:00Z,10.720000,10.900000,10.920000,10.690000,3540204
2019-07-25T04:00:00Z,10.900000,10.690000,10.910000,10.660000,6185081
2019-07-26T04:00:00Z,10.690000,10.870000,10.900000,10.660000,3455550
2019-07-29T04:00:00Z,10.850000,10.920000,10.980000,10.830000,6192378
2019-07-30T04:00:00Z,10.890000,11.200000,11.240000,10.815000,11440928
2019-07-31T04:00:00Z,11.060000,11.530000,11.745000,10.950000,13986869
2019-08-01T04:00:00Z,11.580000,11.590000,11.830000,11.485000,9152742
2019-08-02T04:00:00Z,11.570000,11.550000,11.600000,11.400000,6319844
2019-08-05T04:00:00Z,11.400000,11.440000,11.505000,11.320000,5407977
2019-08-06T04:00:00Z,11.470000,11.530000,11.550000,11.350000,3507866
2019-08-07T04:00:00Z,11.310000,11.520000,11.555000,11.305000,3843870
2019-08-08T04:00:00Z,11.530000,11.720000,11.730000,11.490000,5819121
2019-08-09T04:00:00Z,11.500000,11.490000,11.600000,11.460000,2389090
2019-08-12T04:00:00Z,11.370000,11.355000,11.500000,11.300000,1649337
2019-08-13T04:00:00Z,11.360000,11.420000,11.580000,11.270000,5019242
2019-08-14T04:00:00Z,11.300000,11.170000,11.440000,11.150000,4031101
2019-08-15T04:00:00Z,11.180000,11.130000,11.240000,11.050000,2897806
2019-08-16T04:00:00Z,11.200000,11.510000,11.520000,11.200000,2659573
2019-08-19T04:00:00Z,11.600000,11.630000,11.660000,11.525000,2661868
2019-08-20T04:00:00Z,11.580000,11.370000,11.580000,11.340000,2873387
2019-08-21T04:00:00Z,11.420000,11.450000,11.505000,11.400000,2046451
2019-08-22T04:00:00Z,11.520000,11.590000,11.680000,11.490000,2245099
2019-08-23T04:00:00Z,11.590000,11.410000,11.720000,11.375000,3649365
2019-08-26T04:00:00Z,11.500000,11.480000,11.520000,11.385000,3281949
2019-08-27T04:00:00Z,11.560000,11.300000,11.560000,11.270000,3391549
2019-08-28T04:00:00Z,11.240000,11.280000,11.370000,11.240000,3745406
2019-08-29T04:00:00Z,11.360000,11.370000,11.480000,11.350000,3778718
2019-08-30T04:00:00Z,11.470000,11.540000,11.560000,11.420000,2532113
2019-09-03T04:00:00Z,11.480000,11.460000,11.500000,11.340000,6216113
2019-09-04T04:00:00Z,11.560000,11.580000,11.590000,11.480000,2603170
2019-09-05T04:00:00Z,11.690000,11.930000,11.950000,11.610000,6790926
2019-09-06T04:00:00Z,11.840000,12.140000,12.160000,11.840000,8172295
2019-09-09T04:00:00Z,12.200000,12.610000,12.650000,12.150000,8463153
2019-09-10T04:00:00Z,12.610000,12.800000,12.885000,12.545000,10260076
2019-09-11T04:00:00Z,12.850000,13.150000,13.170000,12.750000,6934095
2019-09-12T04:00:00Z,13.100000,13.140000,13.385000,13.020000,7546877
2019-09-13T04:00:00Z,13.200000,12.880000,13.200000,12.510000,12851160
2019-09-16T04:00:00Z,12.760000,12.840000,12.950000,12.710000,4414287
2019-09-17T04:00:00Z,12.790000,12.810000,12.825000,12.610000,5115390
2019-09-18T04:00:00Z,12.760000,12.690000,12.850000,12.580000,6190276
2019-09-19T04:00:00Z,12.690000,12.560000,12.780000,12.540000,4604768
2019-09-20T04:00:00Z,12.580000,12.480000,12.620000,12.355000,11876493
2019-09-23T04:00:00Z,12.420000,12.660000,12.690000,12.370100,3793510
2019-09-24T04:00:00Z,12.690000,12.610000,12.730000,12.530000,4003917
2019-09-25T04:00:00Z,12.600000,12.800000,12.830000,12.600000,3735863
2019-09-26T04:00:00Z,12.850000,12.760000,12.900000,12.670000,2583565
2019-09-27T04:00:00Z,12.820000,12.680000,12.865000,12.655000,3975714
2019-09-30T04:00:00Z,12.730000,12.550000,12.755000,12.480000,3912597
2019-10-01T04:00:00Z,12.640000,12.500000,12.655000,12.450000,3140588
2019-10-02T04:00:00Z,12.400000,12.580000,12.685000,12.295000,4273737
2019-10-03T04:00:00Z,12.530000,12.700000,12.750000,12.510000,6037287
2019-10-04T04:00:00Z,12.690000,12.800000,12.820000,12.650000,2394260
2019-10-07T04:00:00Z,12.820000,12.790000,12.840000,12.720000,2128174
2019-10-08T04:00:00Z,12.740000,12.680000,12.800000,12.645000,3119131
2019-10-09T04:00:00Z,12.770000,12.760000,12.810000,12.685000,2130333
2019-10-10T04:00:00Z,12.820000,12.990000,13.020000,12.760000,2866341
2019-10-11T04:00:00Z,13.160000,13.020000,13.160000,13.020000,4183297
2019-10-14T04:00:00Z,13.010000,12.970000,13.065000,12.940000,1885848
2019-10-15T04:00:00Z,13.010000,13.020000,13.050000,12.950000,2927357
2019-10-16T04:00:00Z,13.010000,13.020000,13.110000,12.940000,3044992
2019-10-17T04:00:00Z,13.060000,13.070000,13.120000,12.940000,2630367
2019-10-18T04:00:00Z,13.060000,13.070000,13.150000,13.030000,2790668
2019-10-21T04:00:00Z,13.150000,13.230000,13.270000,13.050000,3198896
2019-10-22T04:00:00Z,13.220000,13.190000,13.260000,13.120000,3091208
2019-10-23T04:00:00Z,13.170000,13.280000,13.335000,13.170000,3334179
2019-10-24T04:00:00Z,13.220000,13.360000,13.390000,13.200000,3846347
2019-10-25T04:00:00Z,13.370000,13.480000,13.490000,13.330000,3319072
2019-10-28T04:00:00Z,13.500000,13.480000,13.530000,13.300000,6567907
2019-10-29T04:00:00Z,13.450000,13.690000,13.790000,13.450000,9899408
2019-10-30T04:00:00Z,13.420000,11.840000,13.420000,11.660000,21165503
2019-10-31T04:00:00Z,11.790000,11.650000,12.030000,11.590000,8753484
2019-11-01T04:00:00Z,11.750000,11.690000,11.770000,11.620000,4402571
2019-11-04T05:00:00Z,11.780000,11.970000,11.995000,11.700000,7640826
2019-11-05T05:00:00Z,11.990000,12.130000,12.185000,11.910000,6732458
2019-11-06T05:00:00Z,12.110000,12.180000,12.280000,12.060000,6278760
2019-11-07T05:00:00Z,12.030000,11.900000,12.060000,11.820000,6303652
2019-11-08T05:00:00Z,11.880000,12.100000,12.120000,11.850000,2860687
2019-11-11T05:00:00Z,12.040000,12.080000,12.150000,12.000000,2192310
2019-11-12T05:00:00Z,12.090000,12.080000,12.170000,12.020000,3915030
2019-11-13T05:00:00Z,11.890000,12.080000,12.130000,11.750000,3332400
2019-11-14T05:00:00Z,12.100000,12.140000,12.175000,12.010000,2563459
2019-11-15T05:00:00Z,12.190000,12.160000,12.205000,12.120000,2668660
2019-11-18T05:00:00Z,12.130000,12.250000,12.260000,12.064400,3253026
2019-11-19T05:00:00Z,12.280000,12.210000,12.300000,12.175000,1968308
2019-11-20T05:00:00Z,12.190000,12.330000,12.340000,12.120000,4551007
2019-11-21T05:00:00Z,12.360000,12.140000,12.370000,12.130000,3928993
2019-11-22T05:00:00Z,12.170000,12.020000,12.170000,11.765000,5350866
2019-11-25T05:00:00Z,12.030000,11.960000,12.100000,11.930000,4373041
2019-11-26T05:00:00Z,11.940000,11.870000,12.070000,11.870000,4314531
2019-11-27T05:00:00Z,11.890000,11.910000,11.945000,11.800000,3391501
2019-11-29T05:00:00Z,11.850000,11.920000,12.020000,11.850000,1384506
2019-12-02T05:00:00Z,11.930000,11.800000,11.980000,11.780000,3537699
2019-12-03T05:00:00Z,11.710000,11.760000,11.780000,11.620000,4405703
2019-12-04T05:00:00Z,11.790000,11.760000,11.905000,11.745000,3784782
2019-12-05T05:00:00Z,11.810000,11.730000,11.910000,11.720000,7221463
2019-12-06T05:00:00Z,11.860000,11.880000,11.945000,11.830000,5180972
2019-12-09T05:00:00Z,11.850000,11.910000,12.000000,11.820000,7257938
2019-12-10T05:00:00Z,11.900000,11.740000,11.910000,11.600000,6934368
2019-12-11T05:00:00Z,11.760000,11.790000,11.835000,11.640000,3448764
2019-12-12T05:00:00Z,11.810000,12.030000,12.040000,11.790000,3078506
2019-12-13T05:00:00Z,12.000000,11.920000,12.050000,11.900000,2724037
2019-12-16T05:00:00Z,11.930000,11.970000,12.070000,11.860000,3359901
2019-12-17T05:00:00Z,11.950000,12.020000,12.050000,11.910000,2968827
2019-12-18T05:00:00Z,12.040000,12.020000,12.100000,11.970000,2462745
2019-12-19T05:00:00Z,12.050000,11.990000,12.080000,11.990000,2059456
2019-12-20T05:00:00Z,12.000000,11.950000,12.030000,11.880000,9983270
2019-12-23T05:00:00Z,11.960000,11.860000,11.990000,11.820000,2581332
2019-12-24T05:00:00Z,11.890000,11.840000,11.910000,11.800000,1601670
2019-12-26T05:00:00Z,11.850000,11.880000,11.910000,11.830000,1326970
2019-12-27T05:00:00Z,11.890000,11.790000,11.900000,11.740000,1752664
2019-12-30T05:00:00Z,11.770000,11.810000,11.900000,11.730000,6833631
2019-12-31T05:00:00Z,11.820000,12.020000,12.090000,11.820000,3656693
2020-01-02T05:00:00Z,12.020000,11.860000,12.050000,11.650000,4822541
2020-01-03T05:00:00Z,11.740000,11.940000,12.050000,11.710000,4788609
2020-01-06T05:00:00Z,11.880000,11.850000,11.950000,11.775000,4649760
2020-01-07T05:00:00Z,11.800000,11.530000,11.860000,11.510000,6670369
2020-01-08T05:00:00Z,11.630000,11.660000,11.750000,11.540000,4902998
2020-01-09T05:00:00Z,11.670000,11.580000,11.690000,11.530000,3900590
2020-01-10T05:00:00Z,11.550000,11.510000,11.625000,11.510000,2299913
2020-01-13T05:00:00Z,11.560000,11.580000,11.620000,11.470000,2643604
2020-01-14T05:00:00Z,11.570000,11.690000,11.710000,11.550000,3401509
2020-01-15T05:00:00Z,11.640000,11.640000,11.700000,11.530000,3089043
2020-01-16T05:00:00Z,11.680000,11.730000,11.810100,11.657900,3185037
2020-01-17T05:00:00Z,11.770000,11.700000,11.800000,11.590000,3725394
2020-01-21T05:00:00Z,11.700000,11.760000,11.850000,11.670000,2795164
2020-01-22T05:00:00Z,11.780000,11.770000,11.860000,11.700000,4590172
2020-01-23T05:00:00Z,11.750000,11.820000,11.840000,11.590000,4589422
2020-01-24T05:00:00Z,11.840000,11.770000,11.895000,11.650000,4094738
2020-01-27T05:00:00Z,11.650000,11.630000,11.840000,11.620000,5629574
2020-01-28T05:00:00Z,11.650000,11.730000,11.795000,11.570000,3979825
2020-01-29T05:00:00Z,11.750000,11.100000,11.840000,11.060000,8367464
2020-01-30T05:00:00Z,10.910000,11.060000,11.080000,10.709600,9224670
2020-01-31T05:00:00Z,10.990000,11.060000,11.230000,10.980000,7659484
2020-02-03T05:00:00Z,11.130000,11.130000,11.300000,11.085000,3796750
2020-02-04T05:00:00Z,11.200000,11.230000,11.240000,11.090000,3861253
2020-02-05T05:00:00Z,11.320000,11.410000,11.430000,11.225000,4321376
2020-02-06T05:00:00Z,11.460000,11.290000,11.480000,11.280000,4419013
2020-02-07T05:00:00Z,11.110000,11.130000,11.190000,10.990000,2450184
2020-02-10T05:00:00Z,11.250000,11.370000,11.400000,11.185000,3557595
2020-02-11T05:00:00Z,11.360000,11.330000,11.515000,11.300000,3631029
2020-02-12T05:00:00Z,11.360000,11.420000,11.505000,11.340000,3807059
2020-02-13T05:00:00Z,11.400000,11.260000,11.420000,11.230000,2567642
2020-02-14T05:00:00Z,11.240000,11.190000,11.250000,11.125000,1976455
2020-02-18T05:00:00Z,11.160000,11.160000,11.200000,11.110000,2955643
2020-02-19T05:00:00Z,11.140000,11.140000,11.220000,11.065000,3543365
2020-02-20T05:00:00Z,11.170000,11.390000,11.410000,11.090000,2489769
2020-02-21T05:00:00Z,11.340000,11.470000,11.510000,11.255000,4543298
2020-02-24T05:00:00Z,11.310000,11.510000,11.540000,11.270000,7565785
2020-02-25T05:00:00Z,11.480000,11.200000,11.530000,11.085000,7591089
2020-02-26T05:00:00Z,11.180000,11.250000,11.300000,11.060000,7551216
2020-02-27T05:00:00Z,11.150000,11.060000,11.350000,11.020000,7464899
2020-02-28T05:00:00Z,10.840000,10.810000,10.995000,10.540000,11971149
2020-03-02T05:00:00Z,10.800000,11.200000,11.240000,10.630000,7378835
2020-03-03T05:00:00Z,11.160000,11.450000,11.770000,11.070000,10556927
2020-03-04T05:00:00Z,11.560000,11.740000,11.780000,11.390000,6033968
2020-03-05T05:00:00Z,11.610000,11.720000,11.860000,11.510000,7129297
2020-03-06T05:00:00Z,11.450000,11.760000,11.875000,11.380000,9003962
2020-03-09T04:00:00Z,11.200000,11.430000,11.590000,10.570000,10125658
2020-03-10T04:00:00Z,11.130000,11.010000,11.320000,10.640000,6480704
2020-03-11T04:00:00Z,10.790000,10.260000,10.880000,10.125000,11444741
2020-03-12T04:00:00Z,9.560000,9.690000,10.220000,9.105000,7503121
2020-03-13T04:00:00Z,10.070000,10.600000,10.610000,9.690000,5497005
2020-03-16T04:00:00Z,9.020000,10.030000,10.080000,8.760000,6916549
2020-03-17T04:00:00Z,10.200000,11.080000,11.150000,9.980000,6920153
2020-03-18T04:00:00Z,10.520000,10.520000,10.680000,9.700000,6225155
2020-03-19T04:00:00Z,10.360000,10.530000,10.610000,9.780000,6080297
2020-03-20T04:00:00Z,10.540000,9.880000,10.540000,9.790000,7671889
2020-03-23T04:00:00Z,9.700000,9.290000,9.980000,8.800000,6042315
2020-03-24T04:00:00Z,9.710000,9.380000,9.750000,9.220000,5406395
2020-03-25T04:00:00Z,9.420000,9.480000,9.770000,9.130000,10069037
2020-03-26T04:00:00Z,9.550000,10.150000,10.200000,9.500000,5603367
2020-03-27T04:00:00Z,9.870000,9.500000,10.030000,9.400000,6413107
2020-03-30T04:00:00Z,9.480000,9.520000,9.659900,9.130000,6075511
2020-03-31T04:00:00Z,9.430000,9.390000,9.550000,9.260000,4844328
2020-04-01T04:00:00Z,9.170000,8.650000,9.190000,8.540000,6783562
2020-04-02T04:00:00Z,8.580000,8.490000,8.935000,8.270000,5620163
2020-04-03T04:00:00Z,8.400000,8.270000,8.450000,8.185000,5075321
2020-04-06T04:00:00Z,8.530000,8.940000,8.980000,8.500000,4749383
2020-04-07T04:00:00Z,9.270000,9.230000,9.500000,9.100000,3953766
2020-04-08T04:00:00Z,9.310000,9.630000,9.640000,9.080000,2512538
2020-04-09T04:00:00Z,9.820000,10.570000,10.640000,9.710000,3987528
2020-04-13T04:00:00Z,10.750000,10.270000,10.750000,10.215000,3301891
2020-04-14T04:00:00Z,10.500000,10.250000,10.590000,10.155000,2619802
2020-04-15T04:00:00Z,10.050000,9.890000,10.140000,9.670000,3742847
2020-04-16T04:00:00Z,9.910000,9.850000,10.020000,9.705000,3685186
2020-04-17T04:00:00Z,10.170000,10.170000,10.270000,9.960000,5647771
2020-04-20T04:00:00Z,9.980000,9.970000,10.240000,9.840000,2899994
2020-04-21T04:00:00Z,9.680000,9.700000,9.895000,9.620000,2407826
2020-04-22T04:00:00Z,9.930000,9.850000,10.030000,9.805000,2614254
2020-04-23T04:00:00Z,9.830000,9.610000,9.970000,9.565000,3899474
2020-04-24T04:00:00Z,9.700000,9.790000,9.840000,9.645000,2085862
2020-04-27T04:00:00Z,9.840000,10.160000,10.240000,9.760000,2579928
2020-04-28T04:00:00Z,10.430000,10.290000,10.488400,10.240000,3506220
2020-04-29T04:00:00Z,10.850000,11.130000,11.630000,10.550000,5421178
2020-04-30T04:00:00Z,11.230000,10.860000,11.340000,10.750000,4758783
2020-05-01T04:00:00Z,10.650000,10.710000,10.825000,10.560000,2855945
2020-05-04T04:00:00Z,10.520000,10.520000,10.600000,10.350000,2740865
2020-05-05T04:00:00Z,10.640000,10.500000,10.820000,10.430000,2866096
2020-05-06T04:00:00Z,10.590000,10.340000,10.685000,10.280000,3492508
2020-05-07T04:00:00Z,10.310000,9.910000,10.480000,9.830000,5768966
2020-05-08T04:00:00Z,10.020000,10.000000,10.165000,9.960000,3615281
2020-05-11T04:00:00Z,9.890000,9.960000,10.060000,9.730000,3614101
2020-05-12T04:00:00Z,9.920000,9.400000,9.990000,9.390000,4066534
2020-05-13T04:00:00Z,9.410000,8.880000,9.450000,8.780000,4064170
2020-05-14T04:00:00Z,8.730000,9.000000,9.067100,8.660000,3679898
2020-05-15T04:00:00Z,8.930000,8.900000,9.080000,8.870000,5998016
2020-05-18T04:00:00Z,9.210000,9.490000,9.530000,9.140000,3959316
2020-05-19T04:00:00Z,9.470000,9.190000,9.520000,9.180000,2779572
2020-05-20T04:00:00Z,9.320000,9.450000,9.570000,9.310000,3402383
2020-05-21T04:00:00Z,9.380000,9.390000,9.500000,9.235000,2908975
2020-05-22T04:00:00Z,9.380000,9.070000,9.390000,9.020000,2406485
2020-05-26T04:00:00Z,9.480000,9.940000,10.020000,9.380000,4631788
2020-05-27T04:00:00Z,10.300000,10.580000,10.600000,10.080000,4774520
2020-05-28T04:00:00Z,10.630000,10.200000,10.690000,10.150000,3618736
2020-05-29T04:00:00Z,10.040000,10.050000,10.165000,9.920000,4428388
2020-06-01T04:00:00Z,10.100000,10.130000,10.345000,10.060000,1985983
2020-06-02T04:00:00Z,10.270000,10.140000,10.330000,10.055000,1712289
2020-06-03T04:00:00Z,10.380000,10.340000,10.530000,10.250000,2408686
2020-06-04T04:00:00Z,10.290000,10.410000,10.475000,10.190000,4549505
2020-06-05T04:00:00Z,10.860000,10.940000,11.090000,10.745000,2760627
2020-06-08T04:00:00Z,11.130000,11.450000,11.480000,10.900000,3553890
2020-06-09T04:00:00Z,11.190000,11.560000,11.590000,11.120000,4460016
2020-06-10T04:00:00Z,11.530000,10.830000,11.530000,10.830000,5983655
2020-06-11T04:00:00Z,10.310000,10.390000,10.515000,10.160000,5428683
2020-06-12T04:00:00Z,10.750000,10.700000,10.770000,10.260000,5415124
2020-06-15T04:00:00Z,10.310000,10.260000,10.405000,10.090000,7487266
2020-06-16T04:00:00Z,10.680000,10.550000,10.810000,10.505000,4562228
2020-06-17T04:00:00Z,10.560000,10.290000,10.560000,10.270000,2767150
2020-06-18T04:00:00Z,10.180000,10.500000,10.630000,10.140000,3792688
2020-06-19T04:00:00Z,10.600000,10.490000,10.620000,10.245000,10376160
2020-06-22T04:00:00Z,10.390000,10.450000,10.555000,10.300000,2559695
2020-06-23T04:00:00Z,10.620000,10.500000,10.780000,10.500000,3865575
2020-06-24T04:00:00Z,10.360000,10.130000,10.430000,10.120000,3409999
2020-06-25T04:00:00Z,10.100000,10.420000,10.460000,10.055000,2709951
2020-06-26T04:00:00Z,10.240000,9.730000,10.250000,9.730000,5276822
2020-06-29T04:00:00Z,9.880000,10.020000,10.165000,9.790000,4011033
2020-06-30T04:00:00Z,9.950000,10.200000,10.270000,9.950000,3471898
2020-07-01T04:00:00Z,10.120000,9.800000,10.130000,9.760000,3325446
2020-07-02T04:00:00Z,10.020000,9.790000,10.110000,9.775000,2264910
2020-07-06T04:00:00Z,9.970000,9.790000,10.095000,9.730000,2812527
2020-07-07T04:00:00Z,9.700000,9.430000,9.714400,9.370000,4962255
2020-07-08T04:00:00Z,9.400000,9.660000,9.660000,9.360000,3306520
2020-07-09T04:00:00Z,9.590000,9.340000,9.590000,9.275000,3008785
2020-07-10T04:00:00Z,9.370000,9.690000,9.710000,9.325000,2432328
2020-07-13T04:00:00Z,9.750000,9.920000,10.140000,9.543600,6104078
2020-07-14T04:00:00Z,9.850000,9.900000,10.075000,9.730000,6946628
2020-07-15T04:00:00Z,10.120000,10.510000,10.510000,10.090000,4611781
2020-07-16T04:00:00Z,10.430000,10.540000,10.620000,10.320000,3304520
2020-07-17T04:00:00Z,10.460000,10.070000,10.570000,10.045000,2855342
2020-07-20T04:00:00Z,10.000000,9.770000,10.060000,9.760000,2963856
2020-07-21T04:00:00Z,9.900000,10.190000,10.200000,9.900000,3426597
2020-07-22T04:00:00Z,10.050000,10.070000,10.140000,9.920000,2367636
2020-07-23T04:00:00Z,10.060000,10.330000,10.350000,10.000000,2961406
2020-07-24T04:00:00Z,10.350000,10.350000,10.490000,10.285000,2711042
2020-07-27T04:00:00Z,10.260000,10.180000,10.305000,10.110000,1970549
2020-07-28T04:00:00Z,10.170000,10.240000,10.350000,10.150000,3710505
2020-07-29T04:00:00Z,10.400000,11.080000,11.210000,10.360000,6115916
2020-07-30T04:00:00Z,10.880000,10.760000,10.940000,10.640000,4305057
2020-07-31T04:00:00Z,10.720000,10.530000,10.795000,10.440000,2749312
2020-08-03T04:00:00Z,10.520000,10.250000,10.520000,10.220000,3585964
2020-08-04T04:00:00Z,10.210000,10.010000,10.250000,10.000000,3478801
2020-08-05T04:00:00Z,10.090000,10.090000,10.245000,10.040000,3558052
2020-08-06T04:00:00Z,9.910000,9.950000,10.030000,9.900000,1790385
2020-08-07T04:00:00Z,9.900000,10.300000,10.310000,9.875000,2929018
2020-08-10T04:00:00Z,10.280000,10.350000,10.620000,10.270000,2523503
2020-08-11T04:00:00Z,10.570000,10.520000,10.730000,10.510000,2921630
2020-08-12T04:00:00Z,10.690000,10.360000,10.710000,10.270000,1811848
2020-08-13T04:00:00Z,10.240000,10.120000,10.300000,10.040000,1972653
2020-08-14T04:00:00Z,10.040000,10.180000,10.370000,10.000000,2972719
2020-08-17T04:00:00Z,10.180000,9.850000,10.180000,9.815000,3352886
2020-08-18T04:00:00Z,10.000000,9.620000,10.000000,9.580000,4258913
2020-08-19T04:00:00Z,9.660000,9.570000,9.830000,9.550000,5060860
2020-08-20T04:00:00Z,9.500000,9.270000,9.550000,9.260000,3963490
2020-08-21T04:00:00Z,9.230000,9.100000,9.285600,9.060000,2836877
2020-08-24T04:00:00Z,9.150000,9.250000,9.290000,9.060000,5942394
2020-08-25T04:00:00Z,9.370000,9.240000,9.440000,9.170000,2412076
2020-08-26T04:00:00Z,9.200000,9.040000,9.240000,9.030000,2339244
2020-08-27T04:00:00Z,9.060000,9.110000,9.240000,9.060000,4378182
2020-08-28T04:00:00Z,9.190000,9.110000,9.220000,9.050000,4549547
2020-08-31T04:00:00Z,9.110000,9.050000,9.150000,8.950000,5330373
2020-09-01T04:00:00Z,9.000000,8.890000,9.020000,8.879900,5828766
2020-09-02T04:00:00Z,8.910000,9.040000,9.110000,8.845000,4646510
2020-09-03T04:00:00Z,9.090000,9.120000,9.370000,9.065000,4034056
2020-09-04T04:00:00Z,9.300000,9.240000,9.440000,9.090000,4088201
2020-09-08T04:00:00Z,8.970000,8.800000,9.150000,8.680000,6782497
2020-09-09T04:00:00Z,8.810000,8.910000,8.935000,8.660000,5132871
2020-09-10T04:00:00Z,8.950000,8.720000,8.980000,8.710000,3891723
2020-09-11T04:00:00Z,8.710000,8.740000,8.750000,8.564700,2703468
2020-09-14T04:00:00Z,8.790000,8.940000,9.020000,8.760000,2278117
2020-09-15T04:00:00Z,8.970000,8.810000,8.985000,8.800000,2818894
2020-09-16T04:00:00Z,8.800000,8.920000,9.010000,8.730000,3267973
2020-09-17T04:00:00Z,8.760000,9.030000,9.060000,8.730000,2803889
2020-09-18T04:00:00Z,9.040000,8.970000,9.090000,8.940000,5954947
2020-09-21T04:00:00Z,8.800000,8.730000,8.900000,8.640000,3963072
2020-09-22T04:00:00Z,8.730000,8.620000,8.830000,8.400000,4810528
2020-09-23T04:00:00Z,8.600000,8.420000,8.780000,8.410000,2390775
2020-09-24T04:00:00Z,8.450000,8.200000,8.490000,8.170000,5208983
2020-09-25T04:00:00Z,8.150000,8.220000,8.250000,8.070000,3769085
2020-09-28T04:00:00Z,8.370000,8.530000,8.605000,8.339900,2242473
2020-09-29T04:00:00Z,8.460000,8.360000,8.540000,8.270000,2313248
2020-09-30T04:00:00Z,8.370000,8.270000,8.500000,8.190000,5249759
2020-10-01T04:00:00Z,8.180000,8.220000,8.320000,8.130000,4326902
2020-10-02T04:00:00Z,8.080000,8.480000,8.550000,7.985000,5231318
2020-10-05T04:00:00Z,8.590000,8.710000,8.760000,8.560000,2932711
2020-10-06T04:00:00Z,8.790000,8.660000,8.920000,8.630100,3481814
2020-10-07T04:00:00Z,8.710000,8.740000,8.870000,8.675000,3257288
2020-10-08T04:00:00Z,8.750000,8.700000,8.865000,8.660000,3503131
2020-10-09T04:00:00Z,8.760000,8.460000,8.810000,8.450000,5922356
2020-10-12T04:00:00Z,8.450000,8.390000,8.475000,8.330000,3912304
2020-10-13T04:00:00Z,8.370000,8.060000,8.385000,8.050000,6591715
2020-10-14T04:00:00Z,8.090000,8.300000,8.400000,8.050000,5941989
2020-10-15T04:00:00Z,8.250000,8.510000,8.540000,8.155000,3751375
2020-10-16T04:00:00Z,8.480000,8.530000,8.570000,8.299900,3521648
2020-10-19T04:00:00Z,8.560000,8.220000,8.570000,8.215000,3172643
2020-10-20T04:00:00Z,8.300000,8.330000,8.460000,8.280000,4373005
2020-10-21T04:00:00Z,8.290000,8.310000,8.420000,8.240000,4176890
2020-10-22T04:00:00Z,8.380000,8.730000,8.790000,8.345000,4316197
2020-10-23T04:00:00Z,8.790000,8.770000,8.900000,8.630000,2809056
2020-10-26T04:00:00Z,8.660000,8.650000,8.750000,8.520000,2990150
2020-10-27T04:00:00Z,8.640000,8.330000,8.650000,8.310000,5192511
2020-10-28T04:00:00Z,8.350000,8.080000,8.480000,8.060000,5344206
2020-10-29T04:00:00Z,8.030000,8.190000,8.300000,7.910000,3938602
2020-10-30T04:00:00Z,8.190000,8.310000,8.385000,8.170000,4416419
2020-11-02T05:00:00Z,8.440000,8.420000,8.480000,8.280000,3153987
2020-11-03T05:00:00Z,8.530000,8.390000,8.550000,8.370000,3257994
2020-11-04T05:00:00Z,8.210000,7.890000,8.340000,7.860000,11670615
2020-11-05T05:00:00Z,7.860000,8.060000,8.180000,7.720000,5118096
2020-11-06T05:00:00Z,8.180000,7.810000,8.180000,7.750000,4735797
2020-11-09T05:00:00Z,8.370000,8.960000,9.170000,8.300000,12842031
2020-11-10T05:00:00Z,8.930000,8.810000,9.075000,8.770000,4381263
2020-11-11T05:00:00Z,8.850000,8.520000,8.850000,8.450000,4030981
2020-11-12T05:00:00Z,8.370000,8.510000,8.660000,8.341000,4367153
2020-11-13T05:00:00Z,8.590000,8.670000,8.805000,8.585000,4579978
2020-11-16T05:00:00Z,8.930000,9.010000,9.110000,8.830000,4047882
2020-11-17T05:00:00Z,8.920000,8.990000,9.010000,8.820000,4415923
2020-11-18T05:00:00Z,9.040000,8.980000,9.235000,8.970000,4252219
2020-11-19T05:00:00Z,8.950000,9.150000,9.150000,8.860000,3549926
2020-11-20T05:00:00Z,9.040000,9.070000,9.120000,9.002400,4137169
2020-11-23T05:00:00Z,9.200000,9.290000,9.345000,9.110000,3342748
2020-11-24T05:00:00Z,9.450000,9.760000,9.860000,9.440000,6304862
2020-11-25T05:00:00Z,9.700000,9.650000,9.750000,9.455000,3318246
2020-11-27T05:00:00Z,9.600000,9.580000,9.690000,9.430000,1416434
2020-11-30T05:00:00Z,9.500000,9.690000,10.045000,9.480000,8567034
2020-12-01T05:00:00Z,9.830000,9.960000,10.055000,9.790000,5223344
2020-12-02T05:00:00Z,9.880000,10.010000,10.100000,9.800000,3847092
2020-12-03T05:00:00Z,10.050000,10.160000,10.210000,9.980000,3302229
2020-12-04T05:00:00Z,10.240000,10.380000,10.395000,10.125000,3628002
2020-12-07T05:00:00Z,10.330000,10.260000,10.355000,10.180000,2931864
2020-12-08T05:00:00Z,10.160000,10.200000,10.245000,10.080000,3419163
2020-12-09T05:00:00Z,10.240000,10.260000,10.390000,10.205000,3242370
2020-12-10T05:00:00Z,10.130000,10.120000,10.192300,10.010000,3687864
2020-12-11T05:00:00Z,9.960000,10.170000,10.299700,9.950000,4160840
2020-12-14T05:00:00Z,10.350000,10.140000,10.390000,10.140000,3048675
2020-12-15T05:00:00Z,10.230000,10.210000,10.230000,10.080000,3244297
2020-12-16T05:00:00Z,10.280000,10.250000,10.280000,10.015000,4495722
2020-12-17T05:00:00Z,10.210000,10.310000,10.310000,10.110000,4205148
2020-12-18T05:00:00Z,10.360000,10.190000,10.465000,10.090000,9798842
2020-12-21T05:00:00Z,10.130000,10.220000,10.226600,10.010000,2941779
2020-12-22T05:00:00Z,10.240000,10.140000,10.270000,10.115000,2452759
2020-12-23T05:00:00Z,10.220000,10.380000,10.390000,10.180000,2495980
2020-12-24T05:00:00Z,10.350000,10.440000,10.455000,10.225000,2663013
2020-12-28T05:00:00Z,10.470000,10.480000,10.695000,10.270000,3902644
2020-12-29T05:00:00Z,10.500000,10.320000,10.500000,10.240000,2738578
2020-12-30T05:00:00Z,10.330000,10.480000,10.620000,10.320000,2847227
2020-12-31T05:00:00Z,10.520000,10.550000,10.630000,10.370000,2340168
2021-01-04T05:00:00Z,10.620000,10.500000,10.630000,10.305000,2363721
2021-01-05T05:00:00Z,10.500000,10.610000,10.695000,10.495000,2147372
2021-01-06T05:00:00Z,10.830000,11.000000,11.230000,10.810000,6299499
2021-01-07T05:00:00Z,11.170000,10.970000,11.170000,10.970000,3731022
2021-01-08T05:00:00Z,11.010000,10.890000,11.010000,10.755000,3855443
2021-01-11T05:00:00Z,10.800000,10.930000,11.000000,10.780000,3162876
2021-01-12T05:00:00Z,11.050000,11.060000,11.160000,10.940000,2344472
2021-01-13T05:00:00Z,11.010000,10.960000,11.070000,10.860000,2488686
2021-01-14T05:00:00Z,11.080000,11.130000,11.235000,10.970000,2872402
2021-01-15T05:00:00Z,11.090000,10.950000,11.150000,10.920000,4266073
2021-01-19T05:00:00Z,11.020000,11.120000,11.170000,10.950000,2434091
2021-01-20T05:00:00Z,11.140000,11.070000,11.225000,10.983700,2786366
2021-01-21T05:00:00Z,11.070000,10.900000,11.150000,10.890000,2266593
2021-01-22T05:00:00Z,10.800000,11.040000,11.040000,10.800000,2042273
2021-01-25T05:00:00Z,11.000000,11.030000,11.055000,10.870000,2878284
2021-01-26T05:00:00Z,11.120000,10.960000,11.150000,10.910000,2855446
2021-01-27T05:00:00Z,10.850000,10.600000,10.980000,10.600000,4763030
2021-01-28T05:00:00Z,10.750000,10.710000,10.910000,10.680000,4021559
2021-01-29T05:00:00Z,10.730000,10.460000,10.900000,10.460000,4840809
2021-02-01T05:00:00Z,10.540000,10.500000,10.580000,10.330000,3226851
2021-02-02T05:00:00Z,10.620000,10.560000,10.670000,10.430000,3082756
2021-02-03T05:00:00Z,10.520000,10.520000,10.640000,10.480000,4187960
2021-02-04T05:00:00Z,10.380000,10.610000,10.610000,10.345000,4302303
2021-02-05T05:00:00Z,10.400000,10.410000,10.550000,10.280000,4464675
2021-02-08T05:00:00Z,10.430000,10.480000,10.587000,10.430000,3224216
2021-02-09T05:00:00Z,10.510000,10.800000,10.800000,10.500000,3107910
2021-02-10T05:00:00Z,10.880000,10.690000,10.880000,10.650000,3307806
2021-02-11T05:00:00Z,10.780000,10.710000,10.820000,10.590000,3716190
2021-02-12T05:00:00Z,10.700000,10.810000,10.855000,10.700000,2368619
2021-02-16T05:00:00Z,10.940000,10.840000,11.040000,10.825000,5978169
2021-02-17T05:00:00Z,10.800000,11.080000,11.140000,10.790000,5647692
2021-02-18T05:00:00Z,11.030000,11.170000,11.230000,10.995000,4633435
2021-02-19T05:00:00Z,11.200000,11.540000,11.600000,11.175000,9259757
2021-02-22T05:00:00Z,11.650000,12.100000,12.110000,11.570000,5562714
2021-02-23T05:00:00Z,12.200000,12.530000,12.540000,12.140000,7621891
2021-02-24T05:00:00Z,12.600000,12.810000,12.850000,12.520000,5439330
2021-02-25T05:00:00Z,12.900000,12.910000,13.230000,12.760000,10196011
2021-02-26T05:00:00Z,12.750000,12.210000,12.830000,12.210000,5288040
2021-03-01T05:00:00Z,12.480000,12.170000,12.530000,12.140000,6222343
2021-03-02T05:00:00Z,12.140000,12.000000,12.190000,11.970000,5414522
2021-03-03T05:00:00Z,12.120000,12.150000,12.410000,12.060000,5754140
2021-03-04T05:00:00Z,12.190000,12.070000,12.320000,11.980000,4808791
2021-03-05T05:00:00Z,12.300000,12.240000,12.395000,12.050000,4564238
2021-03-08T05:00:00Z,12.430000,12.610000,12.837100,12.330000,5691262
2021-03-09T05:00:00Z,12.460000,12.340000,12.550000,12.270000,5084118
2021-03-10T05:00:00Z,12.350000,12.660000,12.690000,12.340000,3812559
2021-03-11T05:00:00Z,12.480000,12.370000,12.595000,12.340000,3885842
2021-03-12T05:00:00Z,12.590000,12.470000,12.690000,12.360000,4715186
2021-03-15T04:00:00Z,12.610000,12.580000,12.740000,12.520000,4868303
2021-03-16T04:00:00Z,12.500000,12.320000,12.540000,12.300000,2760087
2021-03-17T04:00:00Z,12.430000,12.320000,12.500000,12.190000,4618279
2021-03-18T04:00:00Z,12.500000,12.340000,12.870000,12.300000,6779324
2021-03-19T04:00:00Z,12.260000,12.150000,12.360000,12.080000,9706250
2021-03-22T04:00:00Z,12.100000,12.100000,12.190000,12.000000,3726587
2021-03-23T04:00:00Z,12.040000,11.900000,12.100000,11.830000,3570454
2021-03-24T04:00:00Z,12.020000,11.840000,12.265000,11.830000,3353648
2021-03-25T04:00:00Z,11.820000,12.210000,12.280000,11.720000,3012720
2021-03-26T04:00:00Z,12.370000,12.480000,12.670000,12.360000,3885985
2021-03-29T04:00:00Z,12.480000,12.320000,12.600000,12.200000,3349827
2021-03-30T04:00:00Z,12.420000,12.670000,12.760000,12.330000,4157223
2021-03-31T04:00:00Z,12.610000,12.620000,12.760000,12.600000,3373353
2021-04-01T04:00:00Z,12.530000,12.700000,12.700000,12.410000,2865461
2021-04-05T04:00:00Z,12.770000,12.620000,12.815000,12.455000,2458527
2021-04-06T04:00:00Z,12.550000,12.590000,12.650000,12.410000,2940855
2021-04-07T04:00:00Z,12.590000,12.540000,12.645000,12.460000,2858564
2021-04-08T04:00:00Z,12.420000,12.480000,12.490000,12.230000,4837678
2021-04-09T04:00:00Z,12.600000,12.500000,12.675000,12.435000,3013653
2021-04-12T04:00:00Z,12.600000,12.620000,12.700000,12.490000,3025338
2021-04-13T04:00:00Z,12.550000,12.500000,12.580000,12.390000,3626420
2021-04-14T04:00:00Z,12.500000,12.620000,12.700000,12.495000,4577304
2021-04-15T04:00:00Z,12.610000,12.600000,12.630000,12.425000,3659366
2021-04-16T04:00:00Z,12.710000,12.550000,12.790000,12.520000,4091737
2021-04-19T04:00:00Z,12.580000,12.250000,12.600000,12.224000,5906012
2021-04-20T04:00:00Z,12.200000,11.920000,12.250000,11.900000,4806661
2021-04-21T04:00:00Z,11.880000,11.990000,12.020000,11.730000,7366081
2021-04-22T04:00:00Z,11.960000,11.710000,11.975000,11.690000,5232463
2021-04-23T04:00:00Z,11.710000,11.990000,12.050000,11.590000,5493959
2021-04-26T04:00:00Z,12.280000,12.530000,12.790000,12.230000,20116328
2021-04-27T04:00:00Z,12.680000,12.740000,12.820000,12.500000,11466814
2021-04-28T04:00:00Z,12.820000,12.410000,12.820000,12.160000,10716155
2021-04-29T04:00:00Z,12.550000,12.290000,12.620000,12.200000,8658590
2021-04-30T04:00:00Z,12.250000,11.960000,12.240000,11.930000,10737056
2021-05-03T04:00:00Z,12.110000,12.100000,12.180000,11.910000,7411798
2021-05-04T04:00:00Z,12.100000,11.940000,12.120000,11.845000,6993661
2021-05-05T04:00:00Z,11.940000,12.000000,12.040000,11.810000,6736192
2021-05-06T04:00:00Z,11.930000,11.770000,11.930000,11.550000,7865366
2021-05-07T04:00:00Z,11.680000,11.870000,11.905000,11.520000,5616075
2021-05-10T04:00:00Z,11.910000,11.760000,12.065000,11.755000,5233532
2021-05-11T04:00:00Z,11.680000,11.550000,11.850000,11.510000,8464487
2021-05-12T04:00:00Z,11.690000,11.210000,11.750000,11.190000,7481909
2021-05-13T04:00:00Z,11.200000,11.510000,11.580000,11.180000,8025106
2021-05-14T04:00:00Z,11.560000,11.760000,11.810000,11.500000,3624897
2021-05-17T04:00:00Z,11.760000,12.100000,12.120000,11.760000,8499395
2021-05-18T04:00:00Z,12.130000,11.950000,12.160000,11.940000,6809100
2021-05-19T04:00:00Z,11.780000,11.840000,11.910000,11.720000,8892478
2021-05-20T04:00:00Z,11.800000,11.840000,11.855000,11.670000,7459692
2021-05-21T04:00:00Z,11.890000,11.880000,12.000000,11.770000,4970972
2021-05-24T04:00:00Z,11.910000,11.820000,11.910000,11.740000,5061369
2021-05-25T04:00:00Z,11.850000,11.660000,11.990000,11.660000,5135336
2021-05-26T04:00:00Z,11.690000,11.880000,11.890000,11.630000,4045261
2021-05-27T04:00:00Z,11.980000,12.020000,12.095000,11.935000,5229492
2021-05-28T04:00:00Z,12.070000,11.970000,12.020000,11.860000,4001773
2021-06-01T04:00:00Z,12.080000,12.180000,12.220000,12.050000,4336213
2021-06-02T04:00:00Z,12.220000,12.140000,12.220000,12.020000,5429182
2021-06-03T04:00:00Z,12.140000,12.090000,12.260000,12.030000,7149984
2021-06-04T04:00:00Z,12.100000,12.010000,12.110000,11.940000,3296031
2021-06-07T04:00:00Z,12.080000,12.000000,12.159900,12.000000,3564194
2021-06-08T04:00:00Z,11.990000,12.100000,12.130000,11.895000,4391415
2021-06-09T04:00:00Z,12.020000,11.930000,12.040000,11.910000,3205369
2021-06-10T04:00:00Z,12.100000,11.700000,12.100000,11.690000,4356329
2021-06-11T04:00:00Z,11.740000,11.720000,11.790000,11.650000,3174933
2021-06-14T04:00:00Z,11.710000,11.600000,11.795000,11.510000,4064396
2021-06-15T04:00:00Z,11.750000,11.830000,11.940000,11.540000,5818024
2021-06-16T04:00:00Z,11.830000,11.760000,11.990000,11.710000,5569289
2021-06-17T04:00:00Z,11.840000,11.390000,11.840000,11.310000,8177187
2021-06-18T04:00:00Z,11.240000,10.970000,11.330000,10.960000,9964269
2021-06-21T04:00:00Z,11.060000,11.320000,11.335000,11.040000,6979027
2021-06-22T04:00:00Z,11.320000,11.120000,11.330000,11.100000,4869344
2021-06-23T04:00:00Z,11.150000,11.070000,11.220000,11.050000,4090327
2021-06-24T04:00:00Z,11.100000,11.220000,11.250000,11.035000,3204456
2021-06-25T04:00:00Z,11.310000,11.360000,11.450000,11.210000,5092516
2021-06-28T04:00:00Z,11.300000,11.140000,11.300000,11.065000,5196823
2021-06-29T04:00:00Z,11.190000,10.990000,11.285000,10.945000,4942586
2021-06-30T04:00:00Z,10.950000,11.020000,11.090000,10.940000,3668593
2021-07-01T04:00:00Z,11.120000,11.330000,11.405000,11.060000,7651527
2021-07-02T04:00:00Z,11.330000,11.190000,11.340000,11.170000,4808145
2021-07-06T04:00:00Z,11.180000,11.050000,11.200000,10.935000,5840505
2021-07-07T04:00:00Z,10.950000,11.130000,11.230000,10.840000,12052722
2021-07-08T04:00:00Z,11.000000,10.970000,11.195000,10.910000,13998375
2021-07-09T04:00:00Z,11.150000,11.330000,11.430000,11.140000,11821823
2021-07-12T04:00:00Z,11.210000,11.550000,11.570000,11.120000,11751254
2021-07-13T04:00:00Z,11.490000,11.200000,11.498300,11.090000,12672374
2021-07-14T04:00:00Z,11.185000,11.210000,11.345000,11.105000,7463803
2021-07-15T04:00:00Z,11.100000,11.430000,11.440000,11.050000,7243514
2021-07-16T04:00:00Z,11.500000,11.160000,11.530000,11.100000,6481508
2021-07-19T04:00:00Z,10.980000,10.920000,11.050000,10.784000,9714372
2021-07-20T04:00:00Z,10.950000,11.170000,11.330000,10.880000,9197304
2021-07-21T04:00:00Z,11.250000,11.170000,11.340000,11.160000,8814870
2021-07-22T04:00:00Z,11.140000,11.040000,11.170000,10.925000,7065794
2021-07-23T04:00:00Z,11.120000,11.010000,11.210000,10.995000,4139183
2021-07-26T04:00:00Z,11.010000,11.150000,11.245000,11.010000,5029523
2021-07-27T04:00:00Z,11.000000,11.000000,11.180000,10.925000,5348974
2021-07-28T04:00:00Z,11.300000,12.060000,12.235000,11.300000,19456554
2021-07-29T04:00:00Z,12.200000,11.860000,12.230000,11.815000,11052982
2021-07-30T04:00:00Z,11.850000,11.780000,11.950000,11.710000,5843100
2021-08-02T04:00:00Z,11.800000,11.810000,11.990000,11.750000,6785096
2021-08-03T04:00:00Z,11.880000,12.110000,12.150000,11.690000,6613122
2021-08-04T04:00:00Z,11.950000,12.050000,12.220000,11.900000,5005038
2021-08-05T04:00:00Z,12.000000,12.100000,12.230000,11.950000,6069646
2021-08-06T04:00:00Z,12.220000,12.180000,12.250000,12.105000,5244309
