Date, Open, Close, High, Low, Volume
2018-01-02T05:00:00Z,25.140000,25.010400,25.200000,25.010000,6311
2018-01-03T05:00:00Z,25.100000,25.046000,25.100000,24.951500,3358
2018-01-04T05:00:00Z,24.960000,25.074000,25.074000,24.960000,1034
2018-01-05T05:00:00Z,25.000000,25.005000,25.050000,24.987000,2373
2018-01-08T05:00:00Z,25.000000,25.020000,25.176100,24.936400,10593
2018-01-09T05:00:00Z,24.980000,24.980000,25.000000,24.980000,1724
2018-01-10T05:00:00Z,25.230000,24.980000,25.230000,24.980000,1380
2018-01-11T05:00:00Z,25.040000,25.050000,25.130000,25.040000,1986
2018-01-12T05:00:00Z,25.000000,24.927000,25.130000,24.900000,6819
2018-01-16T05:00:00Z,25.240000,24.910000,25.240000,24.900000,3729
2018-01-17T05:00:00Z,24.970000,24.789100,24.970000,24.610000,1833
2018-01-18T05:00:00Z,24.570000,24.737500,25.010000,24.570000,4973
2018-01-19T05:00:00Z,24.840000,24.799500,24.900000,24.780000,2418
2018-01-22T05:00:00Z,24.900000,24.600000,24.900000,24.600000,2695
2018-01-23T05:00:00Z,24.700000,24.360000,24.700000,24.330000,19493
2018-01-24T05:00:00Z,24.320000,24.300000,24.320000,24.270000,8881
2018-01-25T05:00:00Z,24.270000,24.260100,24.279800,24.260000,3458
2018-01-26T05:00:00Z,24.260000,24.250000,24.817700,24.250000,3994
2018-01-29T05:00:00Z,24.400000,24.500000,24.600000,24.250000,8612
2018-01-30T05:00:00Z,24.300000,24.300000,24.400000,24.300000,6082
2018-01-31T05:00:00Z,24.350000,24.124400,24.350000,24.070000,10692
2018-02-01T05:00:00Z,24.270000,24.152000,24.340000,24.152000,657
2018-02-02T05:00:00Z,24.020000,24.000000,24.436500,23.660000,8415
2018-02-05T05:00:00Z,23.320000,23.500000,23.650000,18.660000,25729
2018-02-06T05:00:00Z,23.524100,23.320000,23.575700,22.926600,16395
2018-02-07T05:00:00Z,23.540000,22.929200,23.540000,22.880000,22374
2018-02-08T05:00:00Z,22.930000,23.200000,23.200000,22.880100,6811
2018-02-09T05:00:00Z,23.370000,23.090000,23.403000,22.949500,11135
2018-02-12T05:00:00Z,23.440000,23.150000,23.440000,22.950000,3856
2018-02-13T05:00:00Z,23.030000,23.100000,23.249900,23.030000,2743
2018-02-14T05:00:00Z,23.050000,23.150000,23.500000,23.050000,6103
2018-02-15T05:00:00Z,23.310000,22.910000,23.310000,22.910000,10874
2018-02-16T05:00:00Z,23.000000,23.190000,23.190000,23.000000,2493
2018-02-20T05:00:00Z,23.384800,23.030000,23.500000,22.900000,7398
2018-02-21T05:00:00Z,23.060000,23.156300,23.310800,23.060000,2660
2018-02-22T05:00:00Z,23.161600,23.363900,23.550000,23.150000,7065
2018-02-23T05:00:00Z,23.350000,23.265600,24.200000,23.000000,5152
2018-02-26T05:00:00Z,23.310000,23.725900,24.519000,23.180000,20854
2018-02-27T05:00:00Z,23.360000,23.500000,24.143500,23.360000,1035
2018-02-28T05:00:00Z,24.092000,23.750000,24.092000,23.510000,3555
2018-03-01T05:00:00Z,23.380000,23.750000,24.022000,23.380000,5514
2018-03-02T05:00:00Z,24.000000,23.990000,24.000000,23.990000,296
2018-03-05T05:00:00Z,23.500100,23.629200,23.952000,23.500100,1850
2018-03-06T05:00:00Z,23.850000,23.870000,23.990000,23.719000,4355
2018-03-07T05:00:00Z,24.090000,24.010000,24.100000,23.990700,4370
2018-03-08T05:00:00Z,24.100000,24.020000,24.200000,24.010000,3465
2018-03-09T05:00:00Z,24.520900,24.050000,24.520900,24.050000,1540
2018-03-12T04:00:00Z,24.420000,24.290000,24.420000,24.010000,4362
2018-03-13T04:00:00Z,24.290000,24.290000,24.290000,24.290000,0
2018-03-14T04:00:00Z,24.162000,24.310000,24.366000,24.162000,3098
2018-03-15T04:00:00Z,24.310000,24.310000,24.310000,24.310000,0
2018-03-16T04:00:00Z,24.078700,24.350000,24.350000,24.060000,2104
2018-03-19T04:00:00Z,24.092100,24.150000,24.275000,24.092100,1975
2018-03-20T04:00:00Z,24.179800,24.238500,24.238500,24.179800,650
2018-03-21T04:00:00Z,24.020000,24.115800,24.117900,24.020000,1357
2018-03-22T04:00:00Z,23.700000,23.879500,24.290000,23.700000,1610
2018-03-23T04:00:00Z,24.120000,24.100000,24.336000,23.890000,4833
2018-03-26T04:00:00Z,24.200000,23.950000,24.217000,23.890000,6275
2018-03-27T04:00:00Z,24.089200,24.190000,24.340400,24.050000,21363
2018-03-28T04:00:00Z,23.770000,23.400000,23.770000,23.400000,9849
2018-03-29T04:00:00Z,23.450100,23.410000,23.696100,23.410000,7465
2018-04-02T04:00:00Z,23.490000,23.710000,23.710000,23.490000,1400
2018-04-03T04:00:00Z,23.400000,23.030000,23.455000,23.020000,6191
2018-04-04T04:00:00Z,23.096100,22.980000,24.100000,22.975000,17650
2018-04-05T04:00:00Z,23.265800,23.000000,23.340000,23.000000,9415
2018-04-06T04:00:00Z,23.000000,23.165200,23.165200,23.000000,2349
2018-04-09T04:00:00Z,23.100000,23.369400,23.400000,23.100000,1928
2018-04-10T04:00:00Z,23.358400,23.050000,23.358400,22.880000,4827
2018-04-11T04:00:00Z,23.065000,23.150000,23.222800,22.570000,7855
2018-04-12T04:00:00Z,23.440000,23.302400,23.450000,23.302400,3344
2018-04-13T04:00:00Z,23.440000,23.440000,23.440000,23.285000,1645
2018-04-16T04:00:00Z,23.450000,23.230000,23.450000,23.220000,14146
2018-04-17T04:00:00Z,23.312500,23.011000,23.399000,23.010000,6861
2018-04-18T04:00:00Z,23.000000,22.827400,23.200000,22.827400,20916
2018-04-19T04:00:00Z,23.020000,22.700000,23.020000,22.650000,9841
2018-04-20T04:00:00Z,22.860000,22.770000,22.860000,22.770000,3340
2018-04-23T04:00:00Z,23.117300,22.750000,23.117300,22.541600,3101
2018-04-24T04:00:00Z,22.750000,22.594400,22.750000,22.588800,8389
2018-04-25T04:00:00Z,22.550000,22.388700,23.150000,22.000000,13623
2018-04-26T04:00:00Z,22.390000,22.344600,22.577200,22.344600,4515
2018-04-27T04:00:00Z,22.350000,22.381000,22.500000,22.060000,14258
2018-04-30T04:00:00Z,22.260000,22.450000,22.735500,22.220000,16108
2018-05-01T04:00:00Z,22.450000,22.533000,22.533000,22.370000,4403
2018-05-02T04:00:00Z,22.533000,22.533000,22.533000,22.533000,0
2018-05-03T04:00:00Z,22.533000,22.533000,22.533000,22.533000,0
2018-05-04T04:00:00Z,20.350000,22.470000,22.980000,20.350000,7105
2018-05-07T04:00:00Z,22.520000,22.650000,22.970000,22.500000,10187
2018-05-08T04:00:00Z,22.790000,22.650000,22.860000,22.650000,3561
2018-05-09T04:00:00Z,22.880000,22.690000,22.936200,22.560000,8842
2018-05-10T04:00:00Z,22.871000,22.799900,22.911000,22.650000,6593
2018-05-11T04:00:00Z,22.920000,22.858800,22.920000,22.858800,2839
2018-05-14T04:00:00Z,22.990000,23.090000,23.350000,22.990000,6828
2018-05-15T04:00:00Z,23.060000,23.050000,23.090000,22.723900,8140
2018-05-16T04:00:00Z,23.020000,22.810000,23.030000,22.720000,6105
2018-05-17T04:00:00Z,22.850000,23.000000,23.151900,22.800000,9127
2018-05-18T04:00:00Z,23.119600,22.951600,23.119600,22.918000,27888
2018-05-21T04:00:00Z,22.970000,23.000000,23.040000,22.970000,29909
2018-05-22T04:00:00Z,23.175000,23.173300,23.349900,23.126100,3785
2018-05-23T04:00:00Z,23.290000,23.450000,23.830000,23.290000,3182
2018-05-24T04:00:00Z,23.680000,23.270000,23.850000,23.180000,8094
2018-05-25T04:00:00Z,23.270000,23.790000,23.790000,23.270000,2540
2018-05-29T04:00:00Z,23.310000,23.670000,23.670000,23.310000,7753
2018-05-30T04:00:00Z,23.541000,23.430000,23.645000,23.360000,13700
2018-05-31T04:00:00Z,23.587300,23.587300,23.587300,23.587300,205
2018-06-01T04:00:00Z,23.580000,23.550000,23.650000,23.420600,7965
2018-06-04T04:00:00Z,23.790000,23.576000,23.790000,23.550000,1980
2018-06-05T04:00:00Z,23.560000,23.580000,23.640000,23.560000,10581
2018-06-06T04:00:00Z,23.650000,23.630000,23.650000,23.611800,1647
2018-06-07T04:00:00Z,23.620000,23.705100,23.705100,23.620000,4612
2018-06-08T04:00:00Z,23.730000,23.755000,23.760000,23.571900,7295
2018-06-11T04:00:00Z,23.750000,23.765800,23.861100,23.671000,8215
2018-06-12T04:00:00Z,23.860000,23.795000,23.860000,23.760000,4715
2018-06-13T04:00:00Z,23.780000,23.790000,23.790000,23.760000,6560
2018-06-14T04:00:00Z,23.800000,23.950000,23.950000,23.760000,16816
2018-06-15T04:00:00Z,24.070000,24.170000,24.262400,23.915000,10380
2018-06-18T04:00:00Z,24.170000,24.145000,24.170000,23.950000,11793
2018-06-19T04:00:00Z,24.100000,24.088700,24.119900,24.000100,5325
2018-06-20T04:00:00Z,24.140000,24.070000,24.140000,24.070000,2840
2018-06-21T04:00:00Z,24.190000,24.060000,24.190000,24.050000,4226
2018-06-22T04:00:00Z,24.010000,24.100000,24.160000,24.010000,8412
2018-06-25T04:00:00Z,24.102100,24.170000,24.170000,24.102100,654
2018-06-26T04:00:00Z,24.000000,24.100000,24.100000,24.000000,3584
2018-06-27T04:00:00Z,24.079400,24.170000,24.170000,24.079400,1272
2018-06-28T04:00:00Z,24.000000,23.710000,24.000000,23.710000,10111
2018-06-29T04:00:00Z,23.796700,23.850000,23.960000,23.770000,12459
2018-07-02T04:00:00Z,23.800000,23.711000,23.960000,23.700000,6209
2018-07-03T04:00:00Z,23.780000,23.859900,23.888100,23.780000,2074
2018-07-05T04:00:00Z,23.831300,23.820000,23.840000,23.820000,450
2018-07-06T04:00:00Z,23.850000,23.800000,23.850000,23.800000,4754
2018-07-09T04:00:00Z,23.800000,23.820000,23.989900,23.800000,1911
2018-07-10T04:00:00Z,23.867900,23.900000,23.900000,23.848600,4241
2018-07-11T04:00:00Z,23.900000,24.100000,24.100000,23.855000,5477
2018-07-12T04:00:00Z,23.978000,23.999000,23.999000,23.978000,867
2018-07-13T04:00:00Z,23.900000,23.948400,24.037700,23.900000,1261
2018-07-16T04:00:00Z,24.200000,24.080400,24.200000,24.000000,9971
2018-07-17T04:00:00Z,24.070000,24.090100,24.160000,24.070000,7611
2018-07-18T04:00:00Z,24.121000,24.112100,24.121000,24.100000,1375
2018-07-19T04:00:00Z,24.093900,24.188300,24.190000,24.075400,5890
2018-07-20T04:00:00Z,24.118800,24.110000,24.200000,24.100000,9494
2018-07-23T04:00:00Z,24.030000,24.123400,24.190000,24.030000,2795
2018-07-24T04:00:00Z,24.200000,24.110000,24.200000,24.081000,9577
2018-07-25T04:00:00Z,24.100000,24.152700,24.270000,24.089000,6901
2018-07-26T04:00:00Z,24.200000,24.200000,24.225100,24.200000,597
2018-07-27T04:00:00Z,24.250000,24.250000,24.250000,24.250000,225
2018-07-30T04:00:00Z,24.270000,24.430000,24.444800,24.269900,5706
2018-07-31T04:00:00Z,24.290000,24.165000,24.300000,24.165000,2458
2018-08-01T04:00:00Z,24.040000,24.260000,24.282500,24.040000,5371
2018-08-02T04:00:00Z,24.260000,24.230000,24.260000,24.147900,2162
2018-08-03T04:00:00Z,24.190000,24.280000,24.283500,24.190000,1981
2018-08-06T04:00:00Z,24.280000,24.200000,24.280000,24.200000,4712
2018-08-07T04:00:00Z,24.300000,24.300000,24.300000,24.220000,4233
2018-08-08T04:00:00Z,24.070000,24.224900,24.300000,24.070000,2673
2018-08-09T04:00:00Z,24.220000,24.160100,24.220000,24.160000,2088
2018-08-10T04:00:00Z,24.160000,24.172500,24.220000,24.100000,4374
2018-08-13T04:00:00Z,24.200000,24.300000,24.300000,24.200000,1417
2018-08-14T04:00:00Z,24.300000,24.177600,24.300000,24.177600,8425
2018-08-15T04:00:00Z,24.259400,24.259400,24.259400,24.259400,145
2018-08-16T04:00:00Z,24.255700,24.259300,24.300000,24.255700,1330
2018-08-17T04:00:00Z,24.250000,24.288500,24.400000,24.240000,1540
2018-08-20T04:00:00Z,24.336700,24.416200,24.540000,24.336700,3038
2018-08-21T04:00:00Z,24.430000,24.318000,24.430000,24.318000,1833
2018-08-22T04:00:00Z,24.407000,24.327900,24.540000,24.251100,7199
2018-08-23T04:00:00Z,24.430000,24.430000,24.430000,24.430000,155
2018-08-24T04:00:00Z,24.330000,24.330000,24.430000,24.310000,2210
2018-08-27T04:00:00Z,24.350000,24.400000,24.424300,24.250000,11920
2018-08-28T04:00:00Z,24.300000,24.384000,24.540000,24.300000,4659
2018-08-29T04:00:00Z,24.400000,24.480000,24.480000,24.377100,3729
2018-08-30T04:00:00Z,24.280000,24.480000,24.480000,24.280000,3565
2018-08-31T04:00:00Z,24.470000,24.540000,24.540000,24.470000,4100
2018-09-04T04:00:00Z,24.472500,24.550000,24.550000,24.410000,3789
2018-09-05T04:00:00Z,24.500000,24.840000,24.840000,24.500000,2422
2018-09-06T04:00:00Z,24.830000,24.800000,24.830000,24.600000,2704
2018-09-07T04:00:00Z,24.800000,24.550000,24.800000,24.550000,1787
2018-09-10T04:00:00Z,24.550000,24.520000,24.550000,24.520000,1283
2018-09-11T04:00:00Z,24.560000,24.600000,24.849000,24.556800,6108
2018-09-12T04:00:00Z,24.725000,24.850000,24.850000,24.600000,2870
2018-09-13T04:00:00Z,24.600000,24.680000,24.682100,24.560000,2700
2018-09-14T04:00:00Z,24.680000,24.677500,24.740000,24.677500,2170
2018-09-17T04:00:00Z,24.659200,24.806400,24.806400,24.600000,1946
2018-09-18T04:00:00Z,24.850000,24.800000,24.850000,24.600100,4278
2018-09-19T04:00:00Z,24.610000,24.709000,24.709000,24.600000,1100
2018-09-20T04:00:00Z,24.690000,24.650000,24.700000,24.650000,905
2018-09-21T04:00:00Z,24.850000,24.820000,24.850000,24.820000,1185
2018-09-24T04:00:00Z,24.830000,24.750000,24.850000,24.740000,1621
2018-09-25T04:00:00Z,24.610000,24.710000,24.850000,24.610000,4410
2018-09-26T04:00:00Z,24.750000,24.500000,24.750000,24.488000,18869
2018-09-27T04:00:00Z,24.600000,24.660000,24.660000,24.586300,5300
2018-09-28T04:00:00Z,24.340000,24.450000,24.640000,24.300000,6679
2018-10-01T04:00:00Z,24.450000,24.400000,24.450000,24.400000,1080
2018-10-02T04:00:00Z,24.380000,24.320000,24.380000,24.320000,1622
2018-10-03T04:00:00Z,24.360000,24.280000,24.360000,24.280000,1592
2018-10-04T04:00:00Z,24.270000,23.850000,24.270000,23.830000,4305
2018-10-05T04:00:00Z,23.944000,23.840000,23.960000,23.772500,4524
2018-10-08T04:00:00Z,23.599600,24.342500,24.342500,23.599600,3486
2018-10-09T04:00:00Z,23.945700,24.070000,24.349000,23.945700,2195
2018-10-10T04:00:00Z,24.232000,24.250000,24.310100,24.232000,780
2018-10-11T04:00:00Z,24.380000,24.380000,24.380000,24.380000,142
2018-10-12T04:00:00Z,24.380000,24.380000,24.380000,24.380000,0
2018-10-15T04:00:00Z,24.350000,24.194000,24.350000,23.842200,4589
2018-10-16T04:00:00Z,23.846200,23.620100,23.846200,23.600000,5050
2018-10-17T04:00:00Z,23.895000,23.650000,23.895000,23.650000,1597
2018-10-18T04:00:00Z,23.768300,23.660000,23.900300,23.654900,2702
2018-10-19T04:00:00Z,23.660000,23.890000,24.099000,23.650000,3311
2018-10-22T04:00:00Z,23.890000,23.890000,23.890000,23.890000,365
2018-10-23T04:00:00Z,23.830000,23.600000,23.830000,23.570000,3720
2018-10-24T04:00:00Z,23.610000,23.670800,23.735000,23.540000,4012
2018-10-25T04:00:00Z,23.540000,24.069900,24.070000,23.540000,1305
2018-10-26T04:00:00Z,23.650000,23.650000,23.650000,23.650000,300
2018-10-29T04:00:00Z,23.650000,23.650000,23.650000,23.550000,5044
2018-10-30T04:00:00Z,23.680000,23.200000,23.950000,22.610000,11347
2018-10-31T04:00:00Z,22.990000,23.200000,23.200000,22.990000,3025
2018-11-01T04:00:00Z,23.410000,23.352800,23.430200,23.352800,997
2018-11-02T04:00:00Z,23.450000,23.620000,23.752000,23.290000,1865
2018-11-05T05:00:00Z,23.510000,23.756000,23.756000,23.120000,2046
2018-11-06T05:00:00Z,23.644700,23.520000,23.644700,23.080000,2568
2018-11-07T05:00:00Z,23.520000,23.590000,23.590000,23.520000,895
2018-11-08T05:00:00Z,23.590000,23.590000,23.590000,23.590000,0
2018-11-09T05:00:00Z,23.510000,23.510000,23.510000,23.510000,242
2018-11-12T05:00:00Z,23.400000,23.670000,23.880000,23.400000,5185
2018-11-13T05:00:00Z,23.680000,23.540000,23.680000,23.540000,3429
2018-11-14T05:00:00Z,23.750000,23.400100,23.750000,23.400100,964
2018-11-15T05:00:00Z,23.750400,23.551400,23.750400,23.516500,3489
2018-11-16T05:00:00Z,23.573800,23.483100,23.573800,23.483100,1411
2018-11-19T05:00:00Z,23.420000,23.190000,23.440000,23.060000,4611
2018-11-20T05:00:00Z,22.950000,23.250000,23.250000,22.260000,6274
2018-11-21T05:00:00Z,22.973400,23.170000,23.471900,22.950000,4262
2018-11-23T05:00:00Z,23.170000,23.170000,23.170000,23.170000,0
2018-11-26T05:00:00Z,23.870000,23.650000,23.870000,23.162000,2776
2018-11-27T05:00:00Z,23.640000,23.750000,23.750000,23.100000,4191
2018-11-28T05:00:00Z,23.329000,23.215000,23.487100,23.100000,1810
2018-11-29T05:00:00Z,23.240000,23.174900,23.250000,23.050000,5390
2018-11-30T05:00:00Z,23.180000,23.500000,23.500000,23.180000,1301
2018-12-03T05:00:00Z,23.500000,23.040000,23.500000,23.040000,360
2018-12-04T05:00:00Z,23.400000,23.020000,23.500000,23.020000,1390
2018-12-06T05:00:00Z,23.250000,22.880000,23.250000,22.880000,4128
2018-12-07T05:00:00Z,23.000000,23.000000,23.455000,23.000000,4035
2018-12-10T05:00:00Z,23.000000,23.350000,23.580000,23.000000,15127
2018-12-11T05:00:00Z,23.300000,23.170000,23.466400,23.170000,9578
2018-12-12T05:00:00Z,23.200000,23.250000,23.250000,23.166000,1875
2018-12-13T05:00:00Z,23.247600,23.050000,23.247600,23.030000,2970
2018-12-14T05:00:00Z,23.071000,22.890000,23.071000,22.890000,920
2018-12-17T05:00:00Z,22.850000,21.510000,22.900000,21.510000,2775
2018-12-18T05:00:00Z,21.560000,21.806800,22.430000,21.520000,8085
2018-12-19T05:00:00Z,22.000000,21.550000,22.400000,21.550000,7864
2018-12-20T05:00:00Z,21.713100,21.150000,21.845900,20.020000,6826
2018-12-21T05:00:00Z,20.910000,21.730000,21.800000,20.910000,8142
2018-12-24T05:00:00Z,21.000000,21.000000,21.000000,20.500000,11763
2018-12-26T05:00:00Z,20.770000,21.434700,21.574100,20.760000,11327
2018-12-27T05:00:00Z,21.770000,22.301000,22.490000,20.276600,32231
2018-12-28T05:00:00Z,21.092500,21.990000,21.990000,21.092500,14415
2018-12-31T05:00:00Z,21.710000,22.000000,22.163000,21.425000,4627
2019-01-02T05:00:00Z,21.657800,22.090100,22.493300,21.657800,3221
2019-01-03T05:00:00Z,21.990100,22.200000,22.400000,21.990100,5626
2019-01-04T05:00:00Z,22.400000,22.275200,22.400000,22.275200,819
2019-01-07T05:00:00Z,22.300000,23.017000,23.050000,22.300000,5794
2019-01-08T05:00:00Z,22.936000,22.896000,22.936000,22.880000,768
2019-01-09T05:00:00Z,22.849900,22.919900,22.919900,22.817700,935
2019-01-10T05:00:00Z,22.841700,22.920000,22.920000,22.266600,4274
2019-01-11T05:00:00Z,22.920000,22.900000,22.920000,22.860200,370
2019-01-14T05:00:00Z,22.850000,22.920000,22.920000,22.710000,1760
2019-01-15T05:00:00Z,23.080000,22.775000,23.700000,22.756400,3945
2019-01-16T05:00:00Z,22.585000,23.040000,23.040000,22.510000,6954
2019-01-17T05:00:00Z,22.804600,22.804600,22.804600,22.804600,571
2019-01-18T05:00:00Z,22.900000,23.040000,23.040000,22.735000,7905
2019-01-22T05:00:00Z,22.751000,22.824000,22.947500,22.750000,2169
2019-01-23T05:00:00Z,22.500000,22.745700,22.971900,22.500000,798
2019-01-24T05:00:00Z,23.039000,22.755500,23.039000,22.755500,732
2019-01-25T05:00:00Z,22.690100,22.792200,22.850000,22.690100,2451
2019-01-28T05:00:00Z,22.752700,23.030000,23.039000,22.752700,2572
2019-01-29T05:00:00Z,23.030000,23.030000,23.030000,23.030000,0
2019-01-30T05:00:00Z,22.645200,23.040000,23.040000,22.645200,5000
2019-01-31T05:00:00Z,23.024600,22.950000,23.024600,22.885000,1410
2019-02-01T05:00:00Z,23.000000,23.000000,23.000000,23.000000,1124
2019-02-04T05:00:00Z,23.000000,22.930000,23.230000,22.910000,4400
2019-02-05T05:00:00Z,23.020000,23.080000,23.100000,22.995900,3795
2019-02-06T05:00:00Z,23.083000,23.090000,23.090000,22.900000,6914
2019-02-07T05:00:00Z,23.068500,23.010000,23.190000,23.010000,7295
2019-02-08T05:00:00Z,22.998300,23.200000,23.200000,22.998300,2000
2019-02-11T05:00:00Z,23.015400,23.200000,23.200000,23.015400,4532
2019-02-12T05:00:00Z,23.199900,23.330000,23.600000,23.199900,9858
2019-02-13T05:00:00Z,23.481200,23.582000,23.655000,23.481200,3680
2019-02-14T05:00:00Z,23.699600,23.675000,23.699600,23.600000,4206
2019-02-15T05:00:00Z,23.750000,23.470000,23.750000,23.470000,10162
2019-02-19T05:00:00Z,23.710000,23.650000,23.750000,23.620000,1479
2019-02-20T05:00:00Z,23.700000,23.834400,24.730000,23.550000,28586
2019-02-21T05:00:00Z,23.980000,23.901500,24.270000,23.830000,7610
2019-02-22T05:00:00Z,24.101000,24.099900,24.250000,23.823000,1646
2019-02-25T05:00:00Z,24.110000,23.963800,24.110000,23.892500,3930
2019-02-26T05:00:00Z,24.010100,24.095000,24.095000,23.920000,1739
2019-02-27T05:00:00Z,23.900000,24.240000,24.267100,23.900000,9391
2019-02-28T05:00:00Z,24.050000,24.100000,24.154900,24.040500,3473
2019-03-01T05:00:00Z,24.028000,24.090000,24.100000,24.000000,6490
2019-03-04T05:00:00Z,23.988900,23.900100,24.041800,23.900100,1616
2019-03-05T05:00:00Z,23.950000,24.050000,24.050000,23.950000,2459
2019-03-06T05:00:00Z,24.060000,24.000000,24.060000,23.986300,5107
2019-03-07T05:00:00Z,23.971000,24.000000,24.000000,23.810000,6252
2019-03-08T05:00:00Z,23.855100,23.931600,23.931600,23.855100,3740
2019-03-11T04:00:00Z,23.959800,23.882700,23.959800,23.704000,4951
2019-03-12T04:00:00Z,23.890000,23.880000,24.036400,23.880000,2005
2019-03-13T04:00:00Z,24.000000,23.680000,24.045000,23.660000,3870
2019-03-14T04:00:00Z,23.950000,23.990000,24.085000,23.837700,2600
2019-03-15T04:00:00Z,23.882300,24.028300,24.090000,23.882300,8248
2019-03-18T04:00:00Z,23.900000,24.351000,24.450000,23.859500,12759
2019-03-19T04:00:00Z,24.190500,24.236200,24.270000,24.055000,10705
2019-03-20T04:00:00Z,24.220000,24.430000,24.430000,24.110600,2191
2019-03-21T04:00:00Z,24.400000,24.440000,24.450000,24.367600,4767
2019-03-22T04:00:00Z,24.400000,24.550000,24.550000,24.350000,5015
2019-03-25T04:00:00Z,24.460000,24.500000,24.500000,24.400000,7972
2019-03-26T04:00:00Z,24.500000,24.680000,24.680000,24.381000,11132
2019-03-27T04:00:00Z,24.573300,24.485300,24.595000,24.485300,3826
2019-03-28T04:00:00Z,24.428400,24.560000,24.599000,24.428400,7925
2019-03-29T04:00:00Z,24.170000,24.390000,24.588900,24.170000,5686
2019-04-01T04:00:00Z,24.590000,24.610000,24.700000,24.500000,21875
2019-04-02T04:00:00Z,24.650000,24.700000,24.760000,24.500000,13510
2019-04-03T04:00:00Z,24.500000,24.500000,24.709900,24.462500,6968
2019-04-04T04:00:00Z,24.650000,24.590000,24.660000,24.530000,12329
2019-04-05T04:00:00Z,24.590000,24.590000,24.705000,24.590000,6170
2019-04-08T04:00:00Z,24.660000,24.677900,24.749300,24.601100,3778
2019-04-09T04:00:00Z,24.750000,24.680000,24.750000,24.610000,3094
2019-04-10T04:00:00Z,24.676300,24.706000,24.706000,24.676300,200
2019-04-11T04:00:00Z,24.760000,24.610100,24.760000,24.610100,4072
2019-04-12T04:00:00Z,24.685000,24.685000,24.760000,24.620000,7083
2019-04-15T04:00:00Z,24.900000,24.757000,24.974900,24.620000,10241
2019-04-16T04:00:00Z,24.840000,24.740000,24.880000,24.620400,3765
2019-04-17T04:00:00Z,24.735700,24.800000,24.800000,24.620000,3506
2019-04-18T04:00:00Z,24.770700,24.730100,24.819000,24.730100,3377
2019-04-22T04:00:00Z,24.630000,24.780000,24.800000,24.630000,1751
2019-04-23T04:00:00Z,24.736600,24.800000,24.800000,24.700000,7972
2019-04-24T04:00:00Z,24.700000,24.680000,24.800000,24.620000,4877
2019-04-25T04:00:00Z,24.710000,24.623900,24.710000,24.623900,1151
2019-04-26T04:00:00Z,24.690000,24.665900,24.700000,24.660000,2457
2019-04-29T04:00:00Z,24.790000,24.688000,24.790000,24.688000,1284
2019-04-30T04:00:00Z,24.650000,24.620000,24.685900,24.620000,2371
2019-05-01T04:00:00Z,24.800000,24.742200,24.800000,24.742200,922
2019-05-02T04:00:00Z,24.620000,24.592400,24.788600,24.592400,5318
2019-05-03T04:00:00Z,24.677600,24.604700,24.732100,24.596600,5149
2019-05-06T04:00:00Z,24.790000,24.700000,24.790000,24.690000,935
2019-05-07T04:00:00Z,24.700000,24.665000,24.700000,24.665000,665
2019-05-08T04:00:00Z,24.600000,24.480000,24.600000,24.450000,12208
2019-05-09T04:00:00Z,24.500000,24.490100,24.500000,24.480000,7600
2019-05-10T04:00:00Z,24.463800,24.449900,24.500000,24.420100,5346
2019-05-13T04:00:00Z,24.450000,24.420000,24.450000,24.420000,3891
2019-05-14T04:00:00Z,24.416700,24.420000,24.480000,24.416700,4371
2019-05-15T04:00:00Z,24.430000,24.400000,24.455000,24.328100,11750
2019-05-16T04:00:00Z,24.400000,24.400000,24.420000,24.390000,11242
2019-05-17T04:00:00Z,24.400000,24.420000,24.430000,24.400000,6023
2019-05-20T04:00:00Z,24.500000,24.490000,24.500000,24.490000,4045
2019-05-21T04:00:00Z,24.496900,24.500000,24.600000,24.450000,12750
2019-05-22T04:00:00Z,24.550000,24.500000,24.600000,24.460000,3394
2019-05-23T04:00:00Z,24.467200,24.450000,24.500000,24.450000,4505
2019-05-24T04:00:00Z,24.497400,24.466000,24.510200,24.450000,4356
2019-05-28T04:00:00Z,24.525000,24.515000,24.580000,24.490000,7255
2019-05-29T04:00:00Z,24.520000,24.511900,24.540000,24.456700,11540
2019-05-30T04:00:00Z,24.528000,24.480000,24.580000,24.440000,6565
2019-05-31T04:00:00Z,24.421500,24.330000,24.421500,23.900000,14668
2019-06-03T04:00:00Z,24.030000,24.167400,24.305100,24.030000,1266
2019-06-04T04:00:00Z,24.150000,24.421000,24.509900,24.150000,5931
2019-06-05T04:00:00Z,24.465000,24.470000,24.480000,24.430000,4445
2019-06-06T04:00:00Z,24.480000,24.470300,24.480000,24.407400,5987
2019-06-07T04:00:00Z,24.420000,24.480000,24.480000,24.300000,5400
2019-06-10T04:00:00Z,24.480000,24.450000,24.480000,24.400000,2406
2019-06-11T04:00:00Z,24.480000,24.450000,24.560000,24.450000,9092
2019-06-12T04:00:00Z,24.430100,24.470000,24.600000,24.412600,5823
2019-06-13T04:00:00Z,24.500000,24.480000,24.500000,24.470000,2957
2019-06-14T04:00:00Z,24.470000,24.430000,24.470000,24.401000,4699
2019-06-17T04:00:00Z,24.450000,24.540000,24.540000,24.450000,24947
2019-06-18T04:00:00Z,24.570000,24.510100,24.600000,24.510100,10342
2019-06-19T04:00:00Z,24.650000,24.576000,24.670000,24.520000,15889
2019-06-20T04:00:00Z,24.580100,24.628000,24.699900,24.570000,8756
2019-06-21T04:00:00Z,24.500000,24.630000,24.638000,24.500000,5185
2019-06-24T04:00:00Z,24.685100,24.640000,24.685100,24.615800,15771
2019-06-25T04:00:00Z,24.640000,24.670900,24.670900,24.640000,15552
2019-06-26T04:00:00Z,24.670000,24.640000,24.690000,24.640000,12375
2019-06-27T04:00:00Z,24.634000,24.560000,24.699900,24.510000,11365
2019-06-28T04:00:00Z,24.210000,24.060000,24.290500,24.030900,15745
2019-07-01T04:00:00Z,24.590000,24.080000,24.590000,24.010000,3081
2019-07-02T04:00:00Z,24.280000,24.300100,24.460000,24.250000,5039
2019-07-03T04:00:00Z,24.393000,24.393000,24.393000,24.393000,201
2019-07-05T04:00:00Z,24.450000,24.357900,24.450000,24.230000,2816
2019-07-08T04:00:00Z,24.400000,24.380000,24.430000,24.380000,5142
2019-07-09T04:00:00Z,24.520000,24.450000,24.520000,24.380000,4093
2019-07-10T04:00:00Z,24.460000,24.450000,24.460000,24.415000,2657
2019-07-11T04:00:00Z,24.490000,24.464000,24.490000,24.410000,7686
2019-07-12T04:00:00Z,24.480000,24.494800,24.500000,24.460600,3897
2019-07-15T04:00:00Z,24.500000,24.610000,24.671000,24.482400,9363
2019-07-16T04:00:00Z,24.740000,24.734800,24.740000,24.670000,5071
2019-07-17T04:00:00Z,24.750000,24.602400,24.750000,24.602400,4514
2019-07-18T04:00:00Z,24.650000,24.725000,24.750000,24.650000,3646
2019-07-19T04:00:00Z,24.700000,24.777900,24.777900,24.700000,6616
2019-07-22T04:00:00Z,24.761500,24.580000,24.761500,24.580000,3713
2019-07-23T04:00:00Z,24.590000,24.791200,24.880000,24.590000,13716
2019-07-24T04:00:00Z,24.830500,24.845000,24.880000,24.760000,6437
2019-07-25T04:00:00Z,24.852900,24.861200,24.880000,24.852900,1866
2019-07-26T04:00:00Z,24.794700,24.990000,25.000000,24.794700,6300
2019-07-29T04:00:00Z,24.980000,24.970000,25.000000,24.810100,19145
2019-07-30T04:00:00Z,24.846700,24.894000,24.971400,24.846600,2823
2019-07-31T04:00:00Z,24.850000,24.900000,24.990000,24.850000,10039
2019-08-01T04:00:00Z,24.957500,24.970000,24.970000,24.800000,1498
2019-08-02T04:00:00Z,24.930100,24.840000,24.959300,24.820000,5647
2019-08-05T04:00:00Z,24.890000,24.820000,24.890000,24.725400,12496
2019-08-06T04:00:00Z,24.949000,24.817300,24.950000,24.817300,3251
2019-08-07T04:00:00Z,24.805900,24.850000,24.860000,24.805900,8374
2019-08-08T04:00:00Z,24.981000,24.800000,24.981000,24.750000,5448
2019-08-09T04:00:00Z,24.855500,24.750000,24.976500,24.750000,6235
2019-08-12T04:00:00Z,24.750000,24.870000,24.873800,24.730000,5085
2019-08-13T04:00:00Z,24.910000,24.867100,24.965000,24.760000,2529
2019-08-14T04:00:00Z,24.810000,24.670000,24.870000,24.670000,4511
2019-08-15T04:00:00Z,24.850100,24.610000,24.850700,24.600000,3769
2019-08-16T04:00:00Z,24.620000,24.610000,24.630000,24.610000,2755
2019-08-19T04:00:00Z,24.699600,24.655000,24.700000,24.610000,3042
2019-08-20T04:00:00Z,24.693600,24.650000,24.699200,24.650000,3395
2019-08-21T04:00:00Z,24.660000,24.570000,24.800000,24.570000,10172
2019-08-22T04:00:00Z,24.570000,24.580000,24.800000,24.570000,6946
2019-08-23T04:00:00Z,24.580000,24.590000,24.593100,24.580000,5991
2019-08-26T04:00:00Z,24.568500,24.400000,24.568500,24.350000,13257
2019-08-27T04:00:00Z,24.587200,24.570000,24.600000,24.550000,5450
2019-08-28T04:00:00Z,24.600000,24.658000,24.739700,24.600000,3194
2019-08-29T04:00:00Z,24.651900,24.660000,24.660000,24.651900,871
2019-08-30T04:00:00Z,24.681400,24.758100,24.758100,24.681400,1850
2019-09-03T04:00:00Z,24.660000,24.840000,24.847000,24.657400,8874
2019-09-04T04:00:00Z,24.800000,24.934000,24.985200,24.520000,6209
2019-09-05T04:00:00Z,24.876100,24.980000,24.990000,24.738400,7732
2019-09-06T04:00:00Z,24.854900,24.951100,25.000000,24.854900,1450
2019-09-09T04:00:00Z,24.950000,25.060000,25.060000,24.890000,23996
2019-09-10T04:00:00Z,24.960000,25.050000,25.050000,24.960000,4158
2019-09-11T04:00:00Z,25.050000,25.000000,25.060000,25.000000,1958
2019-09-12T04:00:00Z,24.941500,24.970000,25.060000,24.941500,9520
2019-09-13T04:00:00Z,24.980000,24.990000,25.054900,24.980000,5018
2019-09-16T04:00:00Z,25.070000,25.000000,25.070000,24.990000,2800
2019-09-17T04:00:00Z,25.200000,25.050000,25.200000,25.050000,5020
2019-09-18T04:00:00Z,25.050000,25.184000,25.207500,24.949800,6890
2019-09-19T04:00:00Z,25.110900,25.112000,25.200000,25.064900,6239
2019-09-20T04:00:00Z,25.149200,25.167300,25.200000,25.060000,9381
2019-09-23T04:00:00Z,25.150000,25.240000,25.400000,25.080000,9146
2019-09-24T04:00:00Z,25.390000,25.360000,25.400000,25.240000,9283
2019-09-25T04:00:00Z,25.390000,25.355000,25.400000,25.250000,4742
2019-09-26T04:00:00Z,25.400000,25.480000,25.480000,25.360000,8460
2019-09-27T04:00:00Z,25.330200,25.400000,25.435000,25.330200,2848
2019-09-30T04:00:00Z,25.150000,25.010000,25.365500,24.985600,9484
2019-10-01T04:00:00Z,24.990000,25.050000,25.275600,24.978300,9446
2019-10-02T04:00:00Z,24.850000,24.810000,24.920000,24.670000,15171
2019-10-03T04:00:00Z,24.872100,25.010000,25.030000,24.872100,2804
2019-10-04T04:00:00Z,24.990000,24.961400,25.010000,24.810000,13727
2019-10-07T04:00:00Z,24.930000,25.000000,25.100000,24.920000,8830
2019-10-08T04:00:00Z,24.950000,24.870000,24.950000,24.826400,6136
2019-10-09T04:00:00Z,24.860000,25.090000,25.090000,24.860000,5765
2019-10-10T04:00:00Z,25.060000,24.987300,25.090000,24.922000,4755
2019-10-11T04:00:00Z,24.956800,25.050000,25.075000,24.956800,7132
2019-10-14T04:00:00Z,25.073700,25.025000,25.073700,24.950000,8585
2019-10-15T04:00:00Z,25.200000,25.010000,25.270000,25.000000,7974
2019-10-16T04:00:00Z,25.004200,25.034100,25.061500,25.000000,5961
2019-10-17T04:00:00Z,25.030000,25.110000,25.200000,25.030000,19444
2019-10-18T04:00:00Z,25.124100,25.610000,25.610000,25.120000,20832
2019-10-21T04:00:00Z,25.610000,25.490000,25.610000,25.386200,8127
2019-10-22T04:00:00Z,25.512000,25.545200,25.610000,25.430100,4522
2019-10-23T04:00:00Z,25.455200,25.480000,25.500000,25.440000,1926
2019-10-24T04:00:00Z,25.534300,25.230000,25.534300,25.224400,18875
2019-10-25T04:00:00Z,25.114300,25.150000,25.150000,25.098500,4921
2019-10-28T04:00:00Z,25.050000,25.120000,25.300000,25.050000,1815
2019-10-29T04:00:00Z,25.225000,25.225000,25.225000,25.225000,330
2019-10-30T04:00:00Z,25.070000,25.200000,25.200000,25.070000,2003
2019-10-31T04:00:00Z,25.200100,25.280000,25.280000,25.120000,2766
2019-11-01T04:00:00Z,25.590000,25.120000,25.590000,25.120000,3003
2019-11-04T05:00:00Z,25.120000,25.090000,25.212900,25.090000,7521
2019-11-05T05:00:00Z,25.122300,25.157000,25.245000,25.122300,2066
2019-11-06T05:00:00Z,25.150000,25.130000,25.150000,25.118300,5485
2019-11-07T05:00:00Z,25.060000,25.118200,25.150000,25.050000,9189
2019-11-08T05:00:00Z,25.190000,25.100000,25.190000,25.050000,8776
2019-11-11T05:00:00Z,25.180000,25.115900,25.180000,25.080600,2737
2019-11-12T05:00:00Z,25.030000,25.050000,25.120000,25.030000,5949
2019-11-13T05:00:00Z,25.070000,25.070000,25.070000,25.030000,16443
2019-11-14T05:00:00Z,25.030000,25.112900,25.200000,25.030000,4932
2019-11-15T05:00:00Z,25.149800,25.136700,25.149800,25.110700,3127
2019-11-18T05:00:00Z,25.360000,25.155600,25.360000,25.119400,7934
2019-11-19T05:00:00Z,25.282000,25.140000,25.320000,25.140000,1688
2019-11-20T05:00:00Z,25.275800,25.380000,25.385600,25.150000,8158
2019-11-21T05:00:00Z,25.150000,25.150000,25.460000,25.140000,3570
2019-11-22T05:00:00Z,25.202000,25.110000,25.332200,25.100000,9527
2019-11-25T05:00:00Z,25.051300,25.020000,25.233600,24.961700,17510
2019-11-26T05:00:00Z,25.180000,25.030000,25.180000,25.010000,9310
2019-11-27T05:00:00Z,25.125200,25.100000,25.125200,25.040000,3270
2019-11-29T05:00:00Z,25.080000,25.030000,25.080000,25.030000,450
2019-12-02T05:00:00Z,25.130000,25.060000,25.130000,25.060000,4060
2019-12-03T05:00:00Z,25.085000,25.030000,25.119100,25.030000,4382
2019-12-04T05:00:00Z,25.071800,25.090000,25.090000,25.040000,1761
2019-12-05T05:00:00Z,25.080000,25.030000,25.080000,25.030000,1387
2019-12-06T05:00:00Z,25.060000,25.076000,25.110000,25.050000,2866
2019-12-09T05:00:00Z,25.030000,24.990000,25.050000,24.950000,9298
2019-12-10T05:00:00Z,25.067900,25.000000,25.067900,25.000000,587
2019-12-11T05:00:00Z,25.070000,25.070000,25.130000,25.010000,5868
2019-12-12T05:00:00Z,25.080000,25.180000,25.180000,25.080000,6002
2019-12-13T05:00:00Z,25.060000,25.120000,25.180000,25.050000,3316
2019-12-16T05:00:00Z,25.125700,25.150000,25.176600,25.118800,1754
2019-12-17T05:00:00Z,25.120000,25.050000,25.154500,25.050000,4963
2019-12-18T05:00:00Z,25.070000,25.170000,25.170000,25.070000,1994
2019-12-19T05:00:00Z,25.096300,25.190000,25.235000,25.080000,1717
2019-12-20T05:00:00Z,25.253800,25.150000,25.280000,25.090000,3839
2019-12-23T05:00:00Z,25.160000,25.270000,25.270000,25.160000,4547
2019-12-24T05:00:00Z,25.303000,25.300000,25.303000,25.270000,4754
2019-12-26T05:00:00Z,25.120000,25.305600,25.350000,25.120000,1935
2019-12-27T05:00:00Z,25.380000,25.489900,25.489900,25.380000,3935
2019-12-30T05:00:00Z,25.130000,24.950000,25.164800,24.891000,27554
2019-12-31T05:00:00Z,25.000000,25.030000,25.050000,24.950000,10162
2020-01-02T05:00:00Z,25.060000,25.110500,25.166000,25.040000,13703
2020-01-03T05:00:00Z,25.155600,25.150000,25.175000,25.073200,5385
2020-01-06T05:00:00Z,25.170000,25.128600,25.170000,25.128600,777
2020-01-07T05:00:00Z,25.156300,25.109500,25.170000,25.090100,13022
2020-01-08T05:00:00Z,25.121900,25.160000,25.160000,25.119900,1857
2020-01-09T05:00:00Z,25.195000,25.240000,25.240000,25.090000,3837
2020-01-10T05:00:00Z,25.240000,25.205000,25.250000,25.175000,1885
2020-01-13T05:00:00Z,25.410000,25.350000,25.410000,25.221500,1237
2020-01-14T05:00:00Z,25.327100,25.250000,25.430000,25.160000,16540
2020-01-15T05:00:00Z,25.300000,25.300000,25.437400,25.290000,10078
2020-01-16T05:00:00Z,25.440000,25.440000,25.440000,25.351500,3653
2020-01-17T05:00:00Z,25.320000,25.413700,25.434600,25.320000,5952
2020-01-21T05:00:00Z,25.390800,25.410000,25.430000,25.300000,9482
2020-01-22T05:00:00Z,25.397500,25.380600,25.430000,25.330000,3833
2020-01-23T05:00:00Z,25.360000,25.370000,25.440000,25.360000,1596
2020-01-24T05:00:00Z,25.440000,25.400000,25.440000,25.350000,1893
2020-01-27T05:00:00Z,25.340000,25.370000,25.371200,25.330000,1165
2020-01-28T05:00:00Z,25.352900,25.330000,25.361700,25.300000,2257
2020-01-29T05:00:00Z,25.315400,25.343300,25.343300,25.309600,2837
2020-01-30T05:00:00Z,25.330000,25.370100,25.380000,25.330000,5183
2020-01-31T05:00:00Z,25.362800,25.430000,25.430000,25.310000,2238
2020-02-03T05:00:00Z,25.419900,25.337700,25.444200,25.337700,5455
2020-02-04T05:00:00Z,25.470000,25.463400,25.501500,25.400000,4606
2020-02-05T05:00:00Z,25.370000,25.485000,25.500000,25.370000,3812
2020-02-06T05:00:00Z,25.471000,25.500000,25.514800,25.471000,3623
2020-02-07T05:00:00Z,25.520000,25.560000,25.560000,25.485000,3080
2020-02-10T05:00:00Z,25.559300,25.500000,25.600000,25.479500,9812
2020-02-11T05:00:00Z,26.510000,25.730000,26.510000,25.534400,13084
2020-02-12T05:00:00Z,25.680000,25.480000,25.718500,25.450000,21675
2020-02-13T05:00:00Z,25.480000,25.560000,25.670000,25.480000,1303
2020-02-14T05:00:00Z,25.540500,25.550000,25.550000,25.491000,2392
2020-02-18T05:00:00Z,25.592000,25.534500,25.592000,25.529700,1779
2020-02-19T05:00:00Z,25.500000,25.550000,25.550000,25.400000,10196
2020-02-20T05:00:00Z,25.500000,25.500000,25.580000,25.480000,3164
2020-02-21T05:00:00Z,25.499000,25.500000,25.550000,25.439900,6500
2020-02-24T05:00:00Z,25.500000,25.395500,25.550000,25.393200,5043
2020-02-25T05:00:00Z,25.394700,25.110000,25.475000,25.110000,4570
2020-02-26T05:00:00Z,25.110000,25.200000,25.550000,25.110000,3087
2020-02-27T05:00:00Z,25.200000,24.800000,25.202000,24.769200,18328
2020-02-28T05:00:00Z,24.800000,24.800000,24.920000,24.445000,21074
2020-03-02T05:00:00Z,24.810000,24.990000,25.200000,24.810000,18822
2020-03-03T05:00:00Z,25.040000,25.290000,25.300000,25.001800,8680
2020-03-04T05:00:00Z,25.760000,25.465800,25.760000,25.320000,6018
2020-03-05T05:00:00Z,25.480000,25.490900,25.580000,25.480000,9657
2020-03-06T05:00:00Z,25.433700,25.230000,25.433700,25.150000,1195
2020-03-09T04:00:00Z,24.910000,23.240000,25.150000,22.800000,24750
2020-03-10T04:00:00Z,24.268800,24.300000,24.498500,24.030000,2792
2020-03-11T04:00:00Z,24.030000,22.725000,24.030000,21.980000,8284
2020-03-12T04:00:00Z,22.600000,17.360000,22.600000,16.800000,70348
2020-03-13T04:00:00Z,19.790000,18.245000,20.360000,17.360000,20073
2020-03-16T04:00:00Z,17.330000,16.750000,18.280000,16.217900,24675
2020-03-17T04:00:00Z,16.330000,11.430000,16.330000,10.850000,75457
2020-03-18T04:00:00Z,10.810000,8.000000,11.400000,5.785500,45234
2020-03-19T04:00:00Z,7.590000,14.110000,14.110000,6.750000,58810
2020-03-20T04:00:00Z,15.520000,14.500000,20.300000,13.250100,35426
2020-03-23T04:00:00Z,14.000000,7.754600,14.000000,7.500000,89381
2020-03-24T04:00:00Z,7.250000,4.050000,7.700000,3.670000,218050
2020-03-25T04:00:00Z,4.360000,4.610000,5.750000,4.360000,79474
2020-03-26T04:00:00Z,5.560000,8.500000,9.913400,5.520000,103437
2020-03-27T04:00:00Z,8.500000,10.990000,11.000000,8.500000,45182
2020-03-30T04:00:00Z,10.060000,9.620000,10.600000,8.520000,48179
2020-03-31T04:00:00Z,9.708000,10.030000,10.270700,8.554000,29745
2020-04-01T04:00:00Z,9.470000,7.410000,9.670000,7.290000,83803
2020-04-02T04:00:00Z,8.119600,6.510000,8.119600,6.500100,33141
2020-04-03T04:00:00Z,6.510000,5.620000,6.800000,5.260000,39963
2020-04-06T04:00:00Z,6.080000,7.350000,8.150000,6.080000,48774
2020-04-07T04:00:00Z,8.360000,9.080000,9.960000,8.360000,87348
2020-04-08T04:00:00Z,12.500000,14.900000,14.900000,12.500000,121968
2020-04-09T04:00:00Z,16.350000,16.190000,17.700000,15.160000,96434
2020-04-13T04:00:00Z,16.180000,16.250000,16.330000,15.250000,26584
2020-04-14T04:00:00Z,16.250000,17.100000,17.100000,15.900000,22982
2020-04-15T04:00:00Z,16.500000,16.100000,16.783200,15.525800,38259
2020-04-16T04:00:00Z,16.080000,15.350000,16.080000,15.296000,42247
2020-04-17T04:00:00Z,15.500000,15.574000,16.000000,15.250000,33596
2020-04-20T04:00:00Z,15.020000,15.200000,15.500000,14.910000,7099
2020-04-21T04:00:00Z,15.050000,15.350000,15.390000,14.430000,27953
2020-04-22T04:00:00Z,15.300000,17.510000,17.717800,15.224900,115307
2020-04-23T04:00:00Z,17.225000,17.540000,17.733800,17.225000,32642
2020-04-24T04:00:00Z,17.250000,17.320000,17.540000,17.250000,12446
2020-04-27T04:00:00Z,17.321000,18.000000,18.340000,16.840100,61079
2020-04-28T04:00:00Z,18.100000,18.210000,18.980000,17.600000,24731
2020-04-29T04:00:00Z,18.400000,18.735000,19.380000,18.315900,6259
2020-04-30T04:00:00Z,18.750000,18.450000,19.120000,18.450000,19785
2020-05-01T04:00:00Z,18.000000,17.232900,18.110000,16.580000,10976
2020-05-04T04:00:00Z,17.205400,17.100000,17.289900,16.940000,9232
2020-05-05T04:00:00Z,16.750000,18.010000,18.145000,16.750000,18058
2020-05-06T04:00:00Z,17.780000,18.400000,18.500000,17.780000,49633
2020-05-07T04:00:00Z,18.590000,18.130000,18.590000,17.460000,10184
2020-05-08T04:00:00Z,17.550000,17.540000,18.375000,16.910000,24632
2020-05-11T04:00:00Z,17.030000,17.000000,17.130000,15.870000,17937
2020-05-12T04:00:00Z,16.000000,17.750000,17.760000,16.000000,31906
2020-05-13T04:00:00Z,17.170000,17.800000,18.000000,16.580000,38908
2020-05-14T04:00:00Z,17.590000,18.000000,18.000000,16.620000,12801
2020-05-15T04:00:00Z,17.950000,18.100000,18.190000,17.785000,26695
2020-05-18T04:00:00Z,17.810000,18.000000,18.301000,17.510000,9637
2020-05-19T04:00:00Z,18.353000,18.000000,18.400000,17.930000,11721
2020-05-20T04:00:00Z,17.961000,18.200000,18.380000,17.610000,11111
2020-05-21T04:00:00Z,18.110100,17.950000,18.250000,17.825000,8200
2020-05-22T04:00:00Z,18.000000,18.800000,18.935000,18.000000,18659
2020-05-26T04:00:00Z,18.690000,19.150000,19.820000,18.690000,22685
2020-05-27T04:00:00Z,18.970000,19.280000,19.415000,18.970000,7056
2020-05-28T04:00:00Z,19.560000,19.750000,19.922000,19.560000,2831
2020-05-29T04:00:00Z,19.370000,19.163900,19.420000,19.110000,3808
2020-06-01T04:00:00Z,19.210000,19.308800,19.550000,19.210000,6767
2020-06-02T04:00:00Z,19.300000,19.080000,19.480000,19.070000,5594
2020-06-03T04:00:00Z,19.230000,19.340000,19.393600,19.220000,5888
2020-06-04T04:00:00Z,19.360000,20.050000,20.120000,19.310000,11363
2020-06-05T04:00:00Z,20.250000,20.900000,21.090000,20.250000,17759
2020-06-08T04:00:00Z,21.100000,22.000000,22.260000,21.100000,17626
2020-06-09T04:00:00Z,21.530000,20.560000,21.540000,20.560000,13475
2020-06-10T04:00:00Z,20.360000,20.100100,20.750000,18.520000,31646
2020-06-11T04:00:00Z,19.420000,18.350100,19.420000,18.350100,13572
2020-06-12T04:00:00Z,19.477500,18.270000,19.477500,18.000000,7956
2020-06-15T04:00:00Z,17.740000,18.630000,18.951300,17.470000,3647
2020-06-16T04:00:00Z,20.350000,20.340000,21.000000,19.960000,23470
2020-06-17T04:00:00Z,21.990000,20.730000,21.990000,20.530200,8743
2020-06-18T04:00:00Z,20.770000,20.420000,20.900000,20.340000,12567
2020-06-19T04:00:00Z,20.650000,20.620000,20.800000,20.475000,7594
2020-06-22T04:00:00Z,20.700000,20.500000,20.940000,20.500000,13062
2020-06-23T04:00:00Z,20.720000,20.810000,20.940000,20.720000,2656
2020-06-24T04:00:00Z,20.939900,20.560000,20.939900,20.010000,7661
2020-06-25T04:00:00Z,20.425000,21.100000,21.100000,20.425000,5018
2020-06-26T04:00:00Z,20.820100,20.900000,20.910000,20.575000,9510
2020-06-29T04:00:00Z,20.705000,20.890000,20.900000,20.620000,3967
2020-06-30T04:00:00Z,20.890000,19.250000,20.890000,19.220000,8645
2020-07-01T04:00:00Z,19.436500,19.190000,19.436500,19.050000,7075
2020-07-02T04:00:00Z,19.050000,18.820000,19.130000,18.620000,7150
2020-07-06T04:00:00Z,18.650000,18.440000,18.650000,18.250000,5412
2020-07-07T04:00:00Z,18.330000,18.580000,18.650000,18.160000,4296
2020-07-08T04:00:00Z,18.741600,18.990000,19.200000,18.290000,23657
2020-07-09T04:00:00Z,18.740000,18.820000,18.890000,18.521200,20005
2020-07-10T04:00:00Z,18.620000,19.000000,19.000000,18.620000,1324
2020-07-13T04:00:00Z,19.000000,18.770000,19.000000,18.650000,29074
2020-07-14T04:00:00Z,18.710000,18.860000,18.900000,18.650000,15275
2020-07-15T04:00:00Z,19.480000,19.200000,19.480000,19.000000,119043
2020-07-16T04:00:00Z,19.135000,19.430000,19.480000,19.135000,4330
2020-07-17T04:00:00Z,19.280000,19.670000,19.730000,19.280000,8226
2020-07-20T04:00:00Z,19.397000,19.408600,19.505000,19.340000,1495
2020-07-21T04:00:00Z,19.400000,19.510000,19.700000,19.400000,6299
2020-07-22T04:00:00Z,19.630000,19.570000,19.690000,19.260000,2445
2020-07-23T04:00:00Z,19.500000,19.496500,19.500000,19.380000,2929
2020-07-24T04:00:00Z,19.520000,19.490000,19.520000,19.070100,2328
2020-07-27T04:00:00Z,19.420000,19.400000,19.490000,18.328200,4300
2020-07-28T04:00:00Z,19.200000,19.260000,19.260000,19.200000,643
2020-07-29T04:00:00Z,19.040000,19.990000,20.000000,18.710000,13962
2020-07-30T04:00:00Z,19.640000,20.175000,20.307000,19.640000,4093
2020-07-31T04:00:00Z,19.990000,20.080000,20.080000,19.490000,4038
2020-08-03T04:00:00Z,19.670000,20.140000,20.350000,19.670000,1639
2020-08-04T04:00:00Z,20.140000,19.933900,20.140000,19.860000,1793
2020-08-05T04:00:00Z,19.900000,19.610000,19.950000,19.352300,2001
2020-08-06T04:00:00Z,19.890000,19.990000,20.113600,19.575000,11777
2020-08-07T04:00:00Z,20.040000,20.220100,20.220100,20.000000,2610
2020-08-10T04:00:00Z,20.270000,20.547900,20.550000,20.270000,4545
2020-08-11T04:00:00Z,20.550000,21.000000,21.000000,20.540000,9560
2020-08-12T04:00:00Z,21.000000,21.000000,21.000000,21.000000,0
2020-08-13T04:00:00Z,21.000000,20.380000,21.070000,20.070000,5845
2020-08-14T04:00:00Z,20.740000,21.290000,21.290000,20.540000,5768
2020-08-17T04:00:00Z,20.630000,21.310000,21.450000,20.630000,7291
2020-08-18T04:00:00Z,21.420000,21.000000,21.430000,21.000000,2401
2020-08-19T04:00:00Z,21.220000,21.430000,21.430000,21.210000,10383
2020-08-20T04:00:00Z,21.190000,20.970000,21.280000,20.970000,11106
2020-08-21T04:00:00Z,21.000000,21.089900,21.090000,20.950000,10279
2020-08-24T04:00:00Z,21.000000,21.210000,21.210000,21.000000,11788
2020-08-25T04:00:00Z,21.110000,21.000000,21.110000,21.000000,4139
2020-08-26T04:00:00Z,21.180100,21.180300,21.450000,21.080000,3995
2020-08-27T04:00:00Z,21.180300,21.180300,21.180300,21.180300,0
2020-08-28T04:00:00Z,21.000000,21.200000,21.200000,20.630000,15433
2020-08-31T04:00:00Z,21.190000,21.120000,21.190000,20.509900,5780
2020-09-01T04:00:00Z,21.310000,21.140000,21.488500,21.000000,7155
2020-09-02T04:00:00Z,21.140000,21.140000,21.140000,21.140000,0
2020-09-03T04:00:00Z,20.750000,20.370000,21.250000,20.364700,5875
2020-09-04T04:00:00Z,20.810000,20.655000,20.860000,20.430000,1857
2020-09-08T04:00:00Z,20.400000,20.500000,20.860000,20.400000,2866
2020-09-09T04:00:00Z,20.400000,20.609900,20.609900,20.200000,11246
2020-09-10T04:00:00Z,20.380900,20.405000,20.610000,20.320000,6697
2020-09-11T04:00:00Z,20.200000,20.150000,20.569900,20.120000,5729
2020-09-14T04:00:00Z,20.290500,20.170000,20.411500,20.000000,12222
2020-09-15T04:00:00Z,20.200000,20.500000,20.799900,20.000000,32097
2020-09-16T04:00:00Z,20.500000,20.410000,20.700000,20.300000,67339
2020-09-17T04:00:00Z,20.410000,20.250000,20.518000,20.250000,31733
2020-09-18T04:00:00Z,20.385000,20.350000,20.480000,20.200000,13655
2020-09-21T04:00:00Z,20.350000,20.400000,20.520300,20.020000,30786
2020-09-22T04:00:00Z,20.375000,20.560000,20.585000,20.375000,4653
2020-09-23T04:00:00Z,20.650000,20.580000,20.790000,20.360000,20715
2020-09-24T04:00:00Z,20.760000,20.040000,20.760000,20.040000,24530
2020-09-25T04:00:00Z,20.050000,20.040000,20.550000,20.040000,21593
2020-09-28T04:00:00Z,20.250000,20.500000,20.520000,20.113100,22047
2020-09-29T04:00:00Z,20.330000,20.590000,20.760000,20.250000,8484
2020-09-30T04:00:00Z,20.650000,20.230000,20.750000,20.110000,28732
2020-10-01T04:00:00Z,20.290000,20.350000,20.350000,20.070000,5548
2020-10-02T04:00:00Z,20.320000,20.300000,20.320000,20.020000,4817
2020-10-05T04:00:00Z,20.240000,20.460000,20.530000,20.120000,8239
2020-10-06T04:00:00Z,20.460000,20.500000,20.530000,20.380000,4808
2020-10-07T04:00:00Z,21.240000,20.510000,21.240000,20.210000,9102
2020-10-08T04:00:00Z,21.040000,20.710000,21.250000,20.510000,4902
2020-10-09T04:00:00Z,20.570000,20.500000,20.660000,20.500000,307697
2020-10-12T04:00:00Z,20.500000,20.520000,20.530000,20.360000,3477
2020-10-13T04:00:00Z,20.470000,20.590000,20.670000,20.470000,7521
2020-10-14T04:00:00Z,20.430000,20.400100,20.660000,20.400000,2639
2020-10-15T04:00:00Z,20.540000,20.430000,20.650000,20.400000,4147
2020-10-16T04:00:00Z,20.500000,20.260000,20.790000,20.260000,7358
2020-10-19T04:00:00Z,20.349900,19.980000,20.359900,19.980000,13138
2020-10-20T04:00:00Z,20.400000,20.250000,20.702300,20.040000,1919
2020-10-21T04:00:00Z,20.040000,20.150000,20.349500,20.000000,4234
2020-10-22T04:00:00Z,20.200000,20.213400,20.213400,20.001100,2239
2020-10-23T04:00:00Z,20.110000,20.010100,20.230000,20.010100,4008
2020-10-26T04:00:00Z,20.350000,20.020000,20.500000,20.020000,4404
2020-10-27T04:00:00Z,20.070000,20.195000,20.263400,20.060000,1402
2020-10-28T04:00:00Z,20.060000,19.660000,20.092100,19.660000,11777
2020-10-29T04:00:00Z,19.665600,19.680000,19.840000,19.650000,9979
2020-10-30T04:00:00Z,19.650000,19.540000,19.700000,19.530000,2161
2020-11-02T05:00:00Z,19.810100,19.810000,19.810100,19.810000,1113
2020-11-03T05:00:00Z,19.748300,19.900000,20.108900,19.748300,3831
2020-11-04T05:00:00Z,20.152200,20.160000,20.280000,20.083600,3020
2020-11-05T05:00:00Z,20.395000,20.320000,20.420000,20.240000,6771
2020-11-06T05:00:00Z,20.580000,20.470000,20.580000,20.270100,2238
2020-11-09T05:00:00Z,21.100000,20.480000,21.100000,20.480000,25024
2020-11-10T05:00:00Z,20.745000,20.610000,20.770000,20.520000,32683
2020-11-11T05:00:00Z,20.741700,21.150000,21.150000,20.741700,23122
2020-11-12T05:00:00Z,21.130000,21.135000,21.250000,21.100000,12335
2020-11-13T05:00:00Z,21.150000,21.490000,21.490000,21.115000,8838
2020-11-16T05:00:00Z,21.550000,21.610000,22.270000,21.310000,54862
2020-11-17T05:00:00Z,21.709800,22.050000,22.050000,21.653000,26239
2020-11-18T05:00:00Z,21.930000,21.990000,22.130000,21.930000,58314
2020-11-19T05:00:00Z,22.000000,22.025000,22.120000,21.750000,22735
2020-11-20T05:00:00Z,21.810000,21.940000,22.195000,21.680000,24702
2020-11-23T05:00:00Z,22.020000,22.005000,22.070000,21.935300,7564
2020-11-24T05:00:00Z,21.970000,21.830000,22.100000,21.830000,19010
2020-11-25T05:00:00Z,21.570000,21.950000,22.178000,21.570000,14416
2020-11-27T05:00:00Z,21.960000,21.980000,22.000000,21.785000,5012
2020-11-30T05:00:00Z,21.930000,21.880000,21.940000,21.705000,2676
2020-12-01T05:00:00Z,21.970000,22.020000,22.130000,21.950000,183974
2020-12-02T05:00:00Z,22.020000,22.010000,22.200000,21.990000,27090
2020-12-03T05:00:00Z,22.010000,22.160000,22.210000,21.910000,86851
2020-12-04T05:00:00Z,22.240000,22.580000,22.640000,22.240000,11357
2020-12-07T05:00:00Z,22.500000,22.640000,22.820000,22.500000,21713
2020-12-08T05:00:00Z,22.750000,22.850000,22.935300,22.750000,6407
2020-12-09T05:00:00Z,22.830000,22.657700,23.000000,22.650000,13404
2020-12-10T05:00:00Z,22.880600,22.690000,22.880600,22.670000,1250
2020-12-11T05:00:00Z,22.700000,22.650000,22.733600,22.650000,1064
2020-12-14T05:00:00Z,22.596500,22.740000,22.750000,22.405000,11138
2020-12-15T05:00:00Z,22.750000,22.700000,22.750000,22.610000,11382
2020-12-16T05:00:00Z,22.650000,22.800000,22.848700,22.569900,13510
2020-12-17T05:00:00Z,22.705000,22.800000,22.850000,22.640000,7639
2020-12-18T05:00:00Z,22.863300,22.890000,22.939600,22.810000,6602
2020-12-21T05:00:00Z,22.820000,22.940000,22.980000,22.700000,11902
2020-12-22T05:00:00Z,22.900000,22.970000,22.970000,22.750000,7877
2020-12-23T05:00:00Z,22.900000,23.110000,23.150000,22.900000,12062
2020-12-24T05:00:00Z,23.010000,23.085000,23.085000,23.010000,1961
2020-12-28T05:00:00Z,23.010000,22.970000,23.260000,22.930000,15936
2020-12-29T05:00:00Z,23.500000,23.310000,23.510000,23.020000,25825
2020-12-30T05:00:00Z,23.110000,22.990000,23.110000,22.554800,5224
2020-12-31T05:00:00Z,22.880000,22.760000,22.880000,22.660000,6598
2021-01-04T05:00:00Z,22.869900,22.880000,22.892000,22.680000,14786
2021-01-05T05:00:00Z,22.460000,22.830000,23.010000,22.460000,4215
2021-01-06T05:00:00Z,22.850000,22.700000,22.971700,22.679000,5753
2021-01-07T05:00:00Z,22.700000,22.690000,22.730400,22.690000,5848
2021-01-08T05:00:00Z,22.755000,22.834000,22.850000,22.690000,10770
2021-01-11T05:00:00Z,22.750000,22.904500,23.040000,22.730000,11927
2021-01-12T05:00:00Z,22.970000,22.990000,22.990000,22.900000,2860
2021-01-13T05:00:00Z,22.980000,23.100000,23.100000,22.930000,3378
2021-01-14T05:00:00Z,23.249900,23.220000,23.249900,23.099600,2905
2021-01-15T05:00:00Z,23.300000,23.310000,23.310000,23.060100,6764
2021-01-19T05:00:00Z,23.130000,23.430000,23.695500,23.130000,8456
2021-01-20T05:00:00Z,23.547200,23.460000,23.547200,23.372300,2393
2021-01-21T05:00:00Z,23.590000,23.510000,23.760000,23.510000,4176
2021-01-22T05:00:00Z,23.520000,23.649900,23.650000,23.396600,11386
2021-01-25T05:00:00Z,23.590000,23.620000,23.650000,23.440000,4475
2021-01-26T05:00:00Z,23.654900,23.705400,23.705400,23.650000,6340
2021-01-27T05:00:00Z,23.538900,23.380000,23.540000,23.280000,7639
2021-01-28T05:00:00Z,23.170000,23.220000,23.410000,23.170000,3962
2021-01-29T05:00:00Z,23.220000,23.260100,23.750000,23.220000,7111
2021-02-01T05:00:00Z,23.579100,23.650000,23.650000,23.579100,1025
2021-02-02T05:00:00Z,24.070000,23.600000,24.070000,23.475000,2695
2021-02-03T05:00:00Z,23.611000,23.960000,24.080000,23.520300,37680
2021-02-04T05:00:00Z,23.710000,23.850000,24.010000,23.710000,21840
2021-02-05T05:00:00Z,23.850000,24.050000,24.050000,23.724800,4935
2021-02-08T05:00:00Z,23.990000,24.175000,24.289900,23.990000,2476
2021-02-09T05:00:00Z,24.300000,24.300000,24.420000,24.250000,3361
2021-02-10T05:00:00Z,23.860000,24.220000,24.450000,23.860000,5698
2021-02-11T05:00:00Z,24.220000,24.110100,24.220000,24.100000,4111
2021-02-12T05:00:00Z,24.200000,24.150000,24.250000,24.140000,2370
2021-02-16T05:00:00Z,24.150000,24.450000,24.450000,24.150000,3727
2021-02-17T05:00:00Z,24.400000,24.140000,24.500000,24.140000,9106
2021-02-18T05:00:00Z,24.300000,23.830100,24.300000,23.830100,2699
2021-02-19T05:00:00Z,23.890800,24.040000,24.100000,23.890800,2595
2021-02-22T05:00:00Z,23.990000,24.042000,24.090000,23.950000,2992
2021-02-23T05:00:00Z,24.250000,24.000000,24.250000,24.000000,3518
2021-02-24T05:00:00Z,24.110000,24.000100,24.110000,24.000100,2022
2021-02-25T05:00:00Z,24.016800,24.000000,24.095000,24.000000,4629
2021-02-26T05:00:00Z,24.026300,24.100000,24.195000,23.960000,3901
2021-03-01T05:00:00Z,24.110000,24.060000,24.200000,24.050000,8071
2021-03-02T05:00:00Z,24.070000,24.050000,24.100000,24.050000,6029
2021-03-03T05:00:00Z,24.050000,24.200000,24.200000,23.690000,4391
2021-03-04T05:00:00Z,24.200000,24.340000,24.350000,24.120000,5811
2021-03-05T05:00:00Z,23.990000,24.080000,24.318200,23.990000,6026
2021-03-08T05:00:00Z,24.150000,24.070000,24.308400,24.070000,2953
2021-03-09T05:00:00Z,24.285000,24.380000,24.500000,24.020000,4091
2021-03-10T05:00:00Z,24.419600,24.500000,24.600000,24.370000,2946
2021-03-11T05:00:00Z,24.510000,24.510000,24.555000,24.510000,3001
2021-03-12T05:00:00Z,24.600000,24.400000,24.600000,24.400000,1841
2021-03-15T04:00:00Z,24.380000,24.530000,24.599900,24.355000,4273
2021-03-16T04:00:00Z,24.545000,24.670000,24.670000,24.545000,1548
2021-03-17T04:00:00Z,24.730000,24.590000,24.800000,24.530000,6972
2021-03-18T04:00:00Z,24.560000,24.650000,24.760000,24.560000,10959
2021-03-19T04:00:00Z,24.650000,24.420000,24.800000,24.410000,15142
2021-03-22T04:00:00Z,24.580000,24.550000,24.580000,24.430100,9109
2021-03-23T04:00:00Z,24.570000,24.600000,24.790000,24.570000,4291
2021-03-24T04:00:00Z,24.675000,24.665000,24.680000,24.650000,9336
2021-03-25T04:00:00Z,24.686000,24.580000,24.740000,24.580000,2735
2021-03-26T04:00:00Z,24.789900,24.759900,24.789900,24.690000,11002
2021-03-29T04:00:00Z,24.800000,24.760000,24.900000,24.750000,12449
2021-03-30T04:00:00Z,24.790000,24.790000,25.000000,24.790000,26444
2021-03-31T04:00:00Z,24.560000,24.490000,24.590000,24.400000,10134
2021-04-01T04:00:00Z,24.530000,24.490000,24.565000,24.440700,6844
2021-04-05T04:00:00Z,24.500000,24.580100,24.599900,24.550000,7578
2021-04-06T04:00:00Z,24.650000,24.680000,24.736600,24.550000,13572
2021-04-07T04:00:00Z,24.690000,24.770000,24.820000,24.551400,3114
2021-04-08T04:00:00Z,24.770000,24.660000,24.759800,24.640100,9910
2021-04-09T04:00:00Z,24.690000,24.500000,24.560000,24.500000,2592
2021-04-12T04:00:00Z,24.540000,24.520000,24.545000,24.460100,3723
2021-04-13T04:00:00Z,24.610000,24.480000,24.580000,24.460000,3882
2021-04-14T04:00:00Z,24.500000,24.500000,24.570000,24.500000,4857
2021-04-15T04:00:00Z,24.760000,24.500000,24.950000,24.500000,4417
2021-04-16T04:00:00Z,24.460000,24.410000,24.618700,24.410000,6162
2021-04-19T04:00:00Z,24.460000,24.380000,24.544300,24.270000,4563
2021-04-20T04:00:00Z,24.600000,24.300000,24.500000,24.290000,5622
2021-04-21T04:00:00Z,24.657700,24.460000,24.657700,24.410000,1861
2021-04-22T04:00:00Z,24.510000,24.240000,24.599900,24.240000,19710
2021-04-23T04:00:00Z,24.190000,24.270000,24.500000,24.190000,3497
2021-04-26T04:00:00Z,24.300000,24.300000,24.380000,24.270000,9980
2021-04-27T04:00:00Z,24.300000,24.280000,24.490000,24.280000,7257
2021-04-28T04:00:00Z,24.300000,24.450000,24.456300,24.280000,5694
2021-04-29T04:00:00Z,24.490000,24.450000,24.500000,24.365000,11195
2021-04-30T04:00:00Z,24.474100,24.420000,24.474100,24.320000,7342
2021-05-03T04:00:00Z,24.700000,24.270000,24.700000,24.270000,24202
2021-05-04T04:00:00Z,24.300000,24.260000,24.325000,24.260000,16067
2021-05-05T04:00:00Z,24.356800,24.450000,24.618300,24.356800,1784
2021-05-06T04:00:00Z,24.470000,24.455000,24.690000,24.453400,4553
2021-05-07T04:00:00Z,24.400000,24.440000,24.552900,24.440000,6768
2021-05-10T04:00:00Z,24.360000,24.533900,24.539900,24.360000,6459
2021-05-11T04:00:00Z,24.700000,24.350000,24.700000,24.330000,16795
2021-05-12T04:00:00Z,24.340000,24.240000,24.349900,24.095400,19078
2021-05-13T04:00:00Z,24.240000,24.320000,24.560000,24.229600,12512
2021-05-14T04:00:00Z,24.350000,24.430000,24.500000,24.410000,14728
2021-05-17T04:00:00Z,24.530000,24.490000,24.580000,24.450000,5462
2021-05-18T04:00:00Z,24.500000,24.410000,24.650000,24.410000,8397
2021-05-19T04:00:00Z,24.400000,24.391200,24.422500,24.391200,7182
2021-05-20T04:00:00Z,24.480000,24.450000,24.480000,24.450000,13295
2021-05-21T04:00:00Z,24.500000,24.467100,24.490000,24.411400,6082
2021-05-24T04:00:00Z,24.500000,24.450000,24.500000,24.440000,4688
2021-05-25T04:00:00Z,24.500000,24.450000,24.500000,24.440000,11855
2021-05-26T04:00:00Z,24.444800,24.450000,24.610000,24.444800,22215
2021-05-27T04:00:00Z,24.480000,24.450000,24.530000,24.420000,10414
2021-05-28T04:00:00Z,24.460000,24.450000,24.580000,24.440000,20211
2021-06-01T04:00:00Z,24.530000,24.530000,24.740000,24.480200,17287
2021-06-02T04:00:00Z,24.600000,24.600000,24.740000,24.600000,9426
2021-06-03T04:00:00Z,24.720000,24.600000,24.720000,24.600000,5246
2021-06-04T04:00:00Z,24.540000,24.609900,24.680000,24.540000,10953
2021-06-07T04:00:00Z,24.740000,24.720100,24.800000,24.647700,15804
2021-06-08T04:00:00Z,24.700000,24.750000,24.880000,24.720000,13389
2021-06-09T04:00:00Z,24.949600,24.825000,24.949600,24.772000,7283
2021-06-10T04:00:00Z,24.920000,24.890500,24.920000,24.770000,7670
2021-06-11T04:00:00Z,24.950000,24.931400,24.950000,24.910000,14110
2021-06-14T04:00:00Z,24.950000,25.160600,25.190000,24.950000,16824
2021-06-15T04:00:00Z,25.060000,25.150000,25.190000,25.030000,3798
2021-06-16T04:00:00Z,25.140000,25.045000,25.220000,25.020100,8232
2021-06-17T04:00:00Z,25.070000,25.070000,25.150000,25.040000,9597
2021-06-18T04:00:00Z,25.040000,25.150000,25.179900,25.080000,4829
2021-06-21T04:00:00Z,25.150000,25.160000,25.310000,25.150000,6357
2021-06-22T04:00:00Z,25.340000,25.320000,25.340000,25.180100,6233
2021-06-23T04:00:00Z,25.360000,25.160000,25.360000,25.150000,22613
2021-06-24T04:00:00Z,25.340000,25.250000,25.340000,25.170000,10732
2021-06-25T04:00:00Z,25.300000,25.340000,25.450000,25.230100,13979
2021-06-28T04:00:00Z,25.449900,25.470000,25.490000,25.390000,13256
2021-06-29T04:00:00Z,25.480000,25.554000,25.600000,25.480000,23307
2021-06-30T04:00:00Z,25.020000,25.020000,25.110000,25.010000,28095
2021-07-01T04:00:00Z,25.050000,25.030000,25.065000,24.980000,47605
2021-07-02T04:00:00Z,25.034200,25.080000,25.080800,25.034200,14649
2021-07-06T04:00:00Z,25.160000,25.070000,25.160000,25.040000,7266
2021-07-07T04:00:00Z,25.050000,25.105000,25.170800,25.050000,12710
2021-07-08T04:00:00Z,25.090000,25.101000,25.130200,25.060000,15338
2021-07-09T04:00:00Z,25.100000,25.150000,25.170000,25.080000,10371
2021-07-12T04:00:00Z,25.110000,25.130000,25.180000,25.110000,4706
2021-07-13T04:00:00Z,25.160000,25.116200,25.160000,25.060000,16784
2021-07-14T04:00:00Z,25.130100,25.090000,25.130100,25.090000,3116
2021-07-15T04:00:00Z,25.160000,25.180000,25.180000,25.100000,16777
2021-07-16T04:00:00Z,25.170000,25.130000,25.180000,25.130000,14191
2021-07-19T04:00:00Z,25.110000,25.060100,25.130000,25.050000,21286
2021-07-20T04:00:00Z,25.110000,25.075000,25.110000,25.050000,11654
2021-07-21T04:00:00Z,25.050000,25.095000,25.120000,25.050000,10696
2021-07-22T04:00:00Z,25.100000,25.159400,25.169900,25.100000,7356
2021-07-23T04:00:00Z,25.150000,25.110000,25.150100,25.100000,3105
2021-07-26T04:00:00Z,25.100000,25.150000,25.161300,25.100000,10691
2021-07-27T04:00:00Z,25.100000,25.150000,25.150000,25.100000,6718
2021-07-28T04:00:00Z,25.100000,25.100000,25.170000,25.100000,10305
2021-07-29T04:00:00Z,25.100000,25.120000,25.150000,25.090000,7295
2021-07-30T04:00:00Z,25.180000,25.175800,25.180000,25.130000,13531
2021-08-02T04:00:00Z,25.200000,25.220000,25.230000,25.173000,6796
2021-08-03T04:00:00Z,25.220000,25.190000,25.220000,25.160100,3849
2021-08-04T04:00:00Z,25.200000,25.260000,25.270000,25.200000,11016
2021-08-05T04:00:00Z,25.240000,25.220000,25.280000,25.220000,1648
2021-08-06T04:00:00Z,25.210000,25.230000,25.230000,25.220000,873
