Date, Open, Close, High, Low, Volume
2018-01-02T05:00:00Z,43.540000,44.180000,44.500000,43.080000,2890355
2018-01-03T05:00:00Z,44.250000,44.370000,44.400000,43.490000,2170765
2018-01-04T05:00:00Z,44.530000,44.580000,44.731900,44.030000,1354318
2018-01-05T05:00:00Z,44.780000,45.610000,45.760000,44.660000,2210869
2018-01-08T05:00:00Z,45.610000,46.190000,46.315000,45.300000,2507599
2018-01-09T05:00:00Z,46.310000,45.410000,46.480000,45.370000,1777542
2018-01-10T05:00:00Z,44.700000,44.290000,44.820000,43.710000,4205954
2018-01-11T05:00:00Z,44.350000,44.530000,44.540000,44.050000,1600954
2018-01-12T05:00:00Z,44.460000,44.600000,44.860000,44.230000,2131040
2018-01-16T05:00:00Z,45.200000,45.310000,46.279200,44.870300,4956914
2018-01-17T05:00:00Z,45.830000,46.760000,47.000000,45.700000,3708127
2018-01-18T05:00:00Z,46.960000,47.190000,47.300000,46.160000,2756137
2018-01-19T05:00:00Z,47.300000,47.420000,47.720000,47.090000,1823187
2018-01-22T05:00:00Z,47.480000,47.770000,47.790000,46.910000,2117102
2018-01-23T05:00:00Z,48.000000,48.420000,48.530000,47.880000,2003504
2018-01-24T05:00:00Z,48.080000,46.790000,48.240000,46.630000,4939479
2018-01-25T05:00:00Z,46.500000,44.800000,46.750000,44.110000,7523055
2018-01-26T05:00:00Z,45.660000,47.700000,47.720000,45.450000,5054880
2018-01-29T05:00:00Z,47.660000,46.860000,47.750000,46.390000,2646163
2018-01-30T05:00:00Z,45.990000,46.330000,46.980000,45.790000,2793866
2018-01-31T05:00:00Z,46.770000,45.840000,47.080000,45.750000,2599208
2018-02-01T05:00:00Z,45.620000,45.860000,46.550000,45.510000,1940599
2018-02-02T05:00:00Z,45.490000,44.420000,45.590000,44.330000,2127492
2018-02-05T05:00:00Z,43.800000,42.970000,45.060000,42.910000,2798819
2018-02-06T05:00:00Z,42.100000,43.150000,43.740000,41.750000,5311247
2018-02-07T05:00:00Z,42.890000,41.980000,43.310000,41.980000,2639594
2018-02-08T05:00:00Z,42.120000,39.670000,42.240000,39.610000,3627502
2018-02-09T05:00:00Z,40.230000,41.270000,41.590000,39.240000,4432732
2018-02-12T05:00:00Z,41.670000,42.030000,42.430000,41.440000,2195072
2018-02-13T05:00:00Z,40.150000,40.480000,40.980000,40.010000,4247581
2018-02-14T05:00:00Z,40.250000,42.710000,42.930000,40.170000,3087995
2018-02-15T05:00:00Z,43.140000,43.460000,43.490000,42.160000,2339728
2018-02-16T05:00:00Z,43.370000,43.310000,43.760000,42.990000,2229741
2018-02-20T05:00:00Z,43.170000,44.900000,45.210000,43.070000,3265323
2018-02-21T05:00:00Z,45.000000,44.050000,45.240000,44.050000,3502356
2018-02-22T05:00:00Z,44.320000,43.990000,44.570000,43.480000,2207762
2018-02-23T05:00:00Z,44.300000,44.420000,44.690000,43.860000,1303565
2018-02-26T05:00:00Z,44.670000,45.520000,45.575000,44.400000,1501318
2018-02-27T05:00:00Z,45.320000,44.760000,45.750000,44.760000,1845146
2018-02-28T05:00:00Z,45.000000,45.400000,46.230000,44.790000,2217791
2018-03-01T05:00:00Z,45.360000,44.900000,46.040000,44.480000,1946094
2018-03-02T05:00:00Z,44.400000,45.650000,45.720000,43.800000,1378893
2018-03-05T05:00:00Z,45.640000,46.120000,46.345000,45.341000,1894524
2018-03-06T05:00:00Z,46.350000,47.390000,47.420000,46.350000,2131454
2018-03-07T05:00:00Z,47.010000,47.920000,48.205000,46.860000,2731874
2018-03-08T05:00:00Z,48.250000,48.470000,48.490000,47.730000,1886221
2018-03-09T05:00:00Z,49.220000,49.400000,49.960000,49.050000,2436026
2018-03-12T04:00:00Z,49.680000,49.920000,50.300000,49.270000,2057361
2018-03-13T04:00:00Z,50.280000,49.000000,50.680000,48.830000,1993402
2018-03-14T04:00:00Z,49.230000,49.350000,49.800000,48.690000,1472610
2018-03-15T04:00:00Z,49.440000,49.140000,49.835000,49.110000,1640370
2018-03-16T04:00:00Z,49.260000,49.230000,49.740000,49.010000,2342810
2018-03-19T04:00:00Z,49.090000,48.700000,49.190000,47.870000,1823239
2018-03-20T04:00:00Z,48.600000,48.990000,49.170000,48.425000,1666095
2018-03-21T04:00:00Z,49.150000,49.500000,50.290000,49.050000,1907266
2018-03-22T04:00:00Z,48.630000,47.720000,49.120000,47.270000,3019934
2018-03-23T04:00:00Z,47.820000,45.650000,48.110000,45.640000,2952683
2018-03-26T04:00:00Z,47.530000,47.700000,47.700000,46.520000,1902516
2018-03-27T04:00:00Z,48.010000,45.760000,48.080000,45.400000,2082861
2018-03-28T04:00:00Z,45.540000,44.830000,45.910000,44.470000,1837089
2018-03-29T04:00:00Z,45.100000,45.710000,46.300000,44.780000,1799031
2018-04-02T04:00:00Z,45.360000,43.790000,45.680000,43.170000,2508301
2018-04-03T04:00:00Z,44.270000,44.290000,44.720000,43.410000,2300710
2018-04-04T04:00:00Z,43.140000,44.580000,44.630000,43.000000,2197538
2018-04-05T04:00:00Z,44.960000,43.870000,45.275000,43.680000,3036715
2018-04-06T04:00:00Z,43.110000,42.680000,43.970000,42.450000,2139367
2018-04-09T04:00:00Z,42.940000,42.400000,44.040000,42.230000,3454985
2018-04-10T04:00:00Z,43.400000,43.440000,44.050000,42.501100,2419437
2018-04-11T04:00:00Z,43.240000,43.200000,44.140000,43.000000,1882261
2018-04-12T04:00:00Z,43.500000,43.710000,43.890000,43.430000,2390732
2018-04-13T04:00:00Z,44.130000,43.470000,44.130000,43.160000,1771075
2018-04-16T04:00:00Z,43.690000,44.290000,44.430000,43.390000,2134637
2018-04-17T04:00:00Z,44.770000,44.720000,45.060000,44.560000,2280008
2018-04-18T04:00:00Z,44.100000,43.360000,44.260000,42.960000,3693610
2018-04-19T04:00:00Z,41.940000,41.450000,42.510000,40.850300,6008880
2018-04-20T04:00:00Z,41.310000,40.900000,41.660000,40.620000,5957874
2018-04-23T04:00:00Z,41.110000,40.450000,41.700000,40.330000,2839577
2018-04-24T04:00:00Z,41.130000,41.500000,41.720000,40.340000,5928253
2018-04-25T04:00:00Z,36.900000,34.700000,37.450000,34.351000,20248901
2018-04-26T04:00:00Z,34.850000,34.050000,35.449500,33.740000,7435084
2018-04-27T04:00:00Z,33.990000,33.200000,34.150000,33.040000,6685672
2018-04-30T04:00:00Z,33.120000,32.550000,33.160000,32.230000,5860295
2018-05-01T04:00:00Z,32.480000,33.510000,33.570000,32.060000,4885957
2018-05-02T04:00:00Z,33.620000,34.330000,34.630000,33.550000,7632601
2018-05-03T04:00:00Z,33.910000,34.880000,34.930000,33.610000,5253012
2018-05-04T04:00:00Z,34.520000,35.700000,35.740000,34.360000,5251144
2018-05-07T04:00:00Z,35.950000,36.140000,36.230000,35.570000,4590966
2018-05-08T04:00:00Z,36.070000,36.090000,36.175000,35.730000,3435916
2018-05-09T04:00:00Z,36.310000,36.670000,36.840000,36.210000,3210504
2018-05-10T04:00:00Z,36.870000,36.680000,37.080000,36.360000,2740510
2018-05-11T04:00:00Z,36.530000,36.330000,36.860000,36.090000,1542891
2018-05-14T04:00:00Z,36.690000,36.640000,37.210000,36.570000,1703329
2018-05-15T04:00:00Z,36.270000,35.870000,36.375000,35.450000,2354674
2018-05-16T04:00:00Z,36.020000,37.560000,37.750000,36.020000,4451524
2018-05-17T04:00:00Z,37.760000,37.720000,38.140000,37.350000,3260795
2018-05-18T04:00:00Z,37.020000,37.390000,37.560000,36.710000,4056773
2018-05-21T04:00:00Z,37.840000,38.180000,38.290000,37.680000,2716424
2018-05-22T04:00:00Z,38.480000,38.320000,38.900000,38.260000,2350784
2018-05-23T04:00:00Z,37.850000,38.470000,38.500000,37.770000,1655850
2018-05-24T04:00:00Z,38.610000,38.520000,38.810000,38.010000,1732082
2018-05-25T04:00:00Z,38.550000,38.730000,38.900000,38.310000,1564600
2018-05-29T04:00:00Z,38.250000,38.550000,38.915000,38.000000,3109908
2018-05-30T04:00:00Z,38.960000,38.570000,39.310000,38.380000,2499691
2018-05-31T04:00:00Z,38.540000,37.910000,39.140000,37.880000,3651353
2018-06-01T04:00:00Z,38.350000,39.310000,39.350000,38.110000,5614304
2018-06-04T04:00:00Z,39.180000,39.320000,39.660000,39.030000,3010039
2018-06-05T04:00:00Z,39.660000,39.460000,39.730000,39.080000,3077672
2018-06-06T04:00:00Z,39.400000,39.620000,39.630000,39.060000,1748640
2018-06-07T04:00:00Z,39.510000,38.810000,40.040000,38.550000,2311939
2018-06-08T04:00:00Z,38.250000,38.690000,38.800000,37.690000,3090772
2018-06-11T04:00:00Z,38.850000,39.020000,39.250000,38.650000,1601028
2018-06-12T04:00:00Z,39.050000,39.090000,39.230000,38.570000,2981862
2018-06-13T04:00:00Z,39.210000,38.930000,39.730000,38.910000,2805319
2018-06-14T04:00:00Z,38.960000,39.050000,39.310000,38.690000,2523994
2018-06-15T04:00:00Z,39.000000,39.340000,39.360000,38.870000,3188851
2018-06-18T04:00:00Z,38.760000,39.050000,39.120000,38.690000,1418929
2018-06-19T04:00:00Z,38.390000,38.990000,39.070000,37.940000,2164652
2018-06-20T04:00:00Z,39.120000,39.200000,39.499000,38.980000,1530535
2018-06-21T04:00:00Z,39.390000,39.100000,39.550000,38.925000,2277842
2018-06-22T04:00:00Z,39.240000,38.800000,39.380000,38.440000,4298937
2018-06-25T04:00:00Z,38.290000,37.670000,38.490000,37.060000,2795775
2018-06-26T04:00:00Z,37.910000,38.050000,38.520000,37.690000,2367177
2018-06-27T04:00:00Z,38.210000,37.280000,38.490000,37.270000,2321916
2018-06-28T04:00:00Z,37.010000,37.670000,37.900000,36.800000,2244413
2018-06-29T04:00:00Z,38.670000,38.070000,38.739000,38.040000,2830889
2018-07-02T04:00:00Z,37.470000,38.310000,38.405000,37.410000,2074060
2018-07-03T04:00:00Z,38.610000,37.820000,38.850000,37.750000,1614260
2018-07-05T04:00:00Z,38.260000,39.200000,39.210000,38.050000,3321644
2018-07-06T04:00:00Z,39.050000,39.520000,39.570000,38.730000,1777425
2018-07-09T04:00:00Z,39.750000,40.180000,40.200000,39.430000,1895483
2018-07-10T04:00:00Z,40.240000,40.110000,40.760000,39.940000,1910083
2018-07-11T04:00:00Z,39.530000,38.870000,39.670000,38.770000,2905874
2018-07-12T04:00:00Z,39.240000,39.750000,39.830000,39.170000,2227634
2018-07-13T04:00:00Z,39.600000,39.580000,39.950000,39.330000,1660515
2018-07-16T04:00:00Z,39.600000,39.830000,40.000000,39.470000,1605580
2018-07-17T04:00:00Z,39.530000,40.320000,40.380000,39.370000,1734633
2018-07-18T04:00:00Z,40.800000,41.380000,41.459000,40.600000,3839039
2018-07-19T04:00:00Z,40.940000,40.030000,41.160000,39.750000,2928685
2018-07-20T04:00:00Z,40.020000,40.220000,40.342500,39.750000,2348353
2018-07-23T04:00:00Z,39.920000,40.730000,40.890000,39.230000,3070993
2018-07-24T04:00:00Z,41.290000,40.380000,41.620000,40.070000,2748306
2018-07-25T04:00:00Z,44.790000,42.960000,45.800000,41.950000,9627050
2018-07-26T04:00:00Z,43.270000,44.020000,44.450000,43.010000,4885370
2018-07-27T04:00:00Z,44.190000,44.250000,44.540000,43.910000,3946835
2018-07-30T04:00:00Z,44.270000,43.220000,44.490000,43.190000,2385419
2018-07-31T04:00:00Z,43.370000,43.250000,43.890000,43.250000,2745409
2018-08-01T04:00:00Z,43.250000,43.290000,43.770000,42.970000,2132554
2018-08-02T04:00:00Z,42.810000,43.570000,43.710000,42.260000,1352960
2018-08-03T04:00:00Z,43.600000,43.750000,43.820000,43.400000,2880696
2018-08-06T04:00:00Z,43.800000,43.980000,44.045000,43.530000,1609074
2018-08-07T04:00:00Z,44.000000,44.010000,44.410000,43.779000,1375297
2018-08-08T04:00:00Z,43.950000,43.930000,44.510000,43.620000,1271266
2018-08-09T04:00:00Z,43.500000,42.710000,43.630000,42.620000,2558321
2018-08-10T04:00:00Z,42.190000,41.710000,42.450000,41.390000,3252307
2018-08-13T04:00:00Z,41.970000,41.620000,42.075000,41.590000,2207472
2018-08-14T04:00:00Z,41.910000,41.880000,42.410000,41.735000,2371378
2018-08-15T04:00:00Z,41.450000,40.370000,41.610000,40.200000,2693455
2018-08-16T04:00:00Z,40.710000,40.220000,40.970000,40.130000,2303928
2018-08-17T04:00:00Z,39.910000,39.260000,39.910000,38.970000,3744164
2018-08-20T04:00:00Z,39.290000,39.150000,39.510000,38.825000,2128536
2018-08-21T04:00:00Z,39.380000,39.880000,40.260000,39.230000,2065771
2018-08-22T04:00:00Z,39.720000,39.930000,40.000000,39.460000,1255723
2018-08-23T04:00:00Z,39.940000,40.270000,40.630000,39.910000,1876260
2018-08-24T04:00:00Z,40.670000,40.730000,40.850000,40.440000,1526470
2018-08-27T04:00:00Z,41.050000,41.680000,41.780000,41.000000,1915980
2018-08-28T04:00:00Z,41.780000,41.700000,41.920000,41.340000,1434683
2018-08-29T04:00:00Z,41.900000,41.520000,41.900000,41.280000,1563003
2018-08-30T04:00:00Z,41.410000,41.120000,41.510000,41.080000,1127408
2018-08-31T04:00:00Z,41.200000,41.190000,41.280000,40.835000,1471514
2018-09-04T04:00:00Z,41.000000,41.200000,41.520000,40.805000,1598373
2018-09-05T04:00:00Z,41.060000,40.910000,41.300000,40.650000,2305899
2018-09-06T04:00:00Z,40.870000,39.590000,40.935000,39.350000,2584768
2018-09-07T04:00:00Z,39.590000,39.700000,40.280000,39.440000,2205582
2018-09-10T04:00:00Z,40.250000,39.450000,40.250000,39.290000,1431583
2018-09-11T04:00:00Z,39.100000,38.560000,39.280000,38.510000,2553652
2018-09-12T04:00:00Z,37.680000,36.670000,37.920000,36.440000,5823244
2018-09-13T04:00:00Z,37.110000,37.410000,38.039900,37.040000,3078715
2018-09-14T04:00:00Z,37.680000,37.540000,38.100000,37.180000,1875189
2018-09-17T04:00:00Z,37.490000,37.220000,37.790000,37.120000,1446083
2018-09-18T04:00:00Z,37.360000,37.480000,37.670000,37.210000,2304290
2018-09-19T04:00:00Z,37.490000,37.130000,37.660000,36.770000,1747339
2018-09-20T04:00:00Z,37.450000,37.770000,38.090000,37.220000,2238638
2018-09-21T04:00:00Z,37.740000,38.210000,38.390000,37.660000,4486037
2018-09-24T04:00:00Z,38.060000,38.450000,38.590000,37.850000,1466676
2018-09-25T04:00:00Z,38.300000,37.470000,38.600000,37.310000,2130206
2018-09-26T04:00:00Z,37.360000,37.040000,37.690000,37.000000,1690302
2018-09-27T04:00:00Z,37.220000,37.140000,37.465000,37.010000,1306160
2018-09-28T04:00:00Z,36.960000,36.980000,37.211000,36.640000,3794313
2018-10-01T04:00:00Z,37.440000,36.900000,37.660000,36.700000,2321899
2018-10-02T04:00:00Z,36.700000,36.930000,37.340000,36.700000,1767167
2018-10-03T04:00:00Z,36.730000,36.600000,36.980000,35.810000,2739461
2018-10-04T04:00:00Z,36.300000,35.940000,36.310000,35.610000,2525131
2018-10-05T04:00:00Z,35.990000,34.940000,36.250000,34.800000,3306081
2018-10-08T04:00:00Z,34.290000,34.520000,34.930000,33.660000,2022209
2018-10-09T04:00:00Z,34.440000,34.000000,34.570000,33.830000,2855384
2018-10-10T04:00:00Z,33.140000,32.450000,34.020000,32.410000,4942475
2018-10-11T04:00:00Z,32.500000,32.650000,33.690000,32.480000,3868083
2018-10-12T04:00:00Z,33.660000,33.250000,33.840000,32.560000,2475093
2018-10-15T04:00:00Z,33.170000,33.250000,33.770000,33.050000,2609436
2018-10-16T04:00:00Z,33.760000,34.590000,34.630000,33.450000,2316517
2018-10-17T04:00:00Z,35.440000,34.140000,35.720000,34.080000,2627275
2018-10-18T04:00:00Z,32.500000,32.790000,33.250000,32.000000,3404813
2018-10-19T04:00:00Z,32.800000,32.770000,33.230000,32.510000,3143683
2018-10-22T04:00:00Z,33.060000,32.290000,33.120000,32.080000,2510119
2018-10-23T04:00:00Z,31.320000,32.200000,32.590000,30.810000,4170226
2018-10-24T04:00:00Z,31.600000,30.230000,32.310000,30.220000,7696556
2018-10-25T04:00:00Z,31.550000,32.790000,33.250000,31.280000,7263073
2018-10-26T04:00:00Z,31.930000,32.350000,32.860000,31.880000,5828502
2018-10-29T04:00:00Z,32.980000,32.430000,33.840000,31.960000,4901665
2018-10-30T04:00:00Z,32.600000,33.990000,34.020000,32.450000,3441335
2018-10-31T04:00:00Z,34.720000,34.450000,34.930000,34.290000,2502165
2018-11-01T04:00:00Z,35.140000,36.190000,36.230000,34.260000,3791191
2018-11-02T04:00:00Z,36.220000,36.110000,36.450000,35.450000,2154546
2018-11-05T05:00:00Z,36.250000,35.790000,36.340000,35.020000,1525671
2018-11-06T05:00:00Z,35.700000,36.190000,36.300000,35.570000,1573410
2018-11-07T05:00:00Z,36.680000,36.560000,36.780000,35.720000,1499535
2018-11-08T05:00:00Z,36.330000,36.750000,36.930000,36.320000,1388504
2018-11-09T05:00:00Z,36.400000,35.590000,36.630000,35.140000,1386113
2018-11-12T05:00:00Z,34.900000,34.040000,35.010000,33.660000,2475269
2018-11-13T05:00:00Z,34.360000,34.020000,35.100000,33.940000,2435018
2018-11-14T05:00:00Z,34.630000,34.890000,35.240000,34.380000,3088358
2018-11-15T05:00:00Z,34.650000,36.500000,36.640000,34.610000,2248348
2018-11-16T05:00:00Z,35.540000,36.410000,36.610000,35.360000,1647514
2018-11-19T05:00:00Z,36.130000,35.290000,36.440000,35.080000,1761299
2018-11-20T05:00:00Z,33.510000,35.280000,35.480000,33.090000,2970744
2018-11-21T05:00:00Z,35.680000,35.810000,36.180000,35.220000,1306438
2018-11-23T05:00:00Z,35.310000,35.860000,36.330000,35.310000,314969
2018-11-26T05:00:00Z,36.490000,36.620000,36.745000,35.930000,1202398
2018-11-27T05:00:00Z,36.290000,36.270000,36.535000,35.970000,1806181
2018-11-28T05:00:00Z,36.480000,36.400000,36.570000,35.960000,5100862
2018-11-29T05:00:00Z,36.390000,35.370000,36.525000,35.350000,2763685
2018-11-30T05:00:00Z,35.230000,35.690000,35.710000,34.785000,3284508
2018-12-03T05:00:00Z,36.640000,35.960000,37.130000,35.390000,4077766
2018-12-04T05:00:00Z,35.790000,34.490000,35.870000,34.420000,2914363
2018-12-06T05:00:00Z,33.430000,33.810000,33.820000,32.830000,3373183
2018-12-07T05:00:00Z,33.920000,32.610000,33.920000,32.290000,2758950
2018-12-10T05:00:00Z,32.510000,32.870000,33.120000,32.356200,1865196
2018-12-11T05:00:00Z,33.330000,32.960000,34.180000,32.900000,1697227
2018-12-12T05:00:00Z,33.600000,33.360000,34.040100,33.090000,2052061
2018-12-13T05:00:00Z,33.320000,33.000000,33.540000,32.860000,1818868
2018-12-14T05:00:00Z,32.470000,32.510000,33.130000,32.200000,1651787
2018-12-17T05:00:00Z,32.310000,31.800000,32.840000,31.740000,2786940
2018-12-18T05:00:00Z,32.060000,31.960000,33.260000,31.873600,2830523
2018-12-19T05:00:00Z,31.770000,30.600000,32.420000,30.560000,3957688
2018-12-20T05:00:00Z,30.680000,30.690000,31.340000,29.890000,4532669
2018-12-21T05:00:00Z,30.180000,29.560000,30.560000,29.510000,6730543
2018-12-24T05:00:00Z,29.340000,28.940000,29.880000,28.890000,1564519
2018-12-26T05:00:00Z,29.360000,30.490000,30.510000,28.730000,2139287
2018-12-27T05:00:00Z,29.840000,30.920000,30.970000,29.670000,2428083
2018-12-28T05:00:00Z,31.820000,31.190000,31.955000,30.990000,2746334
2018-12-31T05:00:00Z,31.610000,31.380000,31.760000,30.910000,2307415
2019-01-02T05:00:00Z,30.540000,31.740000,32.170000,30.540000,2411018
2019-01-03T05:00:00Z,30.930000,29.600000,31.210000,29.580000,4214232
2019-01-04T05:00:00Z,30.220000,31.100000,31.240000,30.020000,3446085
2019-01-07T05:00:00Z,31.210000,31.150000,31.740000,30.650000,2407615
2019-01-08T05:00:00Z,31.250000,30.780000,31.590000,30.400000,1889028
2019-01-09T05:00:00Z,31.010000,31.900000,32.400000,31.010000,2651142
2019-01-10T05:00:00Z,31.630000,32.170000,32.321000,31.470000,1611985
2019-01-11T05:00:00Z,31.910000,32.330000,32.660000,31.900000,1403916
2019-01-14T05:00:00Z,31.110000,31.490000,31.850000,30.840000,2764707
2019-01-15T05:00:00Z,31.530000,31.790000,31.980000,31.450000,2224400
2019-01-16T05:00:00Z,31.800000,31.710000,32.305000,31.690000,1651181
2019-01-17T05:00:00Z,31.450000,32.110000,32.310000,31.350000,2838477
2019-01-18T05:00:00Z,32.340000,32.900000,33.370000,32.310000,2448032
2019-01-22T05:00:00Z,32.470000,31.800000,32.575000,31.630000,2152500
2019-01-23T05:00:00Z,32.210000,31.930000,32.450000,31.510000,4442974
2019-01-24T05:00:00Z,34.700000,36.040000,37.470000,34.050000,10481603
2019-01-25T05:00:00Z,35.820000,36.750000,36.940000,35.502300,3998124
2019-01-28T05:00:00Z,36.010000,36.770000,37.279900,35.285000,3643978
2019-01-29T05:00:00Z,36.760000,36.340000,36.950000,36.290000,2010741
2019-01-30T05:00:00Z,36.820000,36.900000,37.200000,36.147300,2711624
2019-01-31T05:00:00Z,36.560000,35.990000,37.080000,35.910000,3874489
2019-02-01T05:00:00Z,36.240000,36.760000,37.130000,36.010000,2990081
2019-02-04T05:00:00Z,36.760000,36.930000,36.930000,36.440000,1650370
2019-02-05T05:00:00Z,37.010000,37.350000,37.500000,36.840000,1694860
2019-02-06T05:00:00Z,37.560000,38.500000,38.920000,37.560000,2717113
2019-02-07T05:00:00Z,38.020000,37.640000,38.350000,37.310000,2275671
2019-02-08T05:00:00Z,37.240000,37.540000,37.870000,37.040000,1767322
2019-02-11T05:00:00Z,37.460000,37.870000,37.990000,37.270000,1421324
2019-02-12T05:00:00Z,38.220000,38.910000,38.960000,38.060000,1707584
2019-02-13T05:00:00Z,39.000000,39.150000,39.460000,38.980000,2877209
2019-02-14T05:00:00Z,39.110000,39.530000,39.890000,39.000000,1824063
2019-02-15T05:00:00Z,39.560000,39.770000,40.100000,39.500000,1742098
2019-02-19T05:00:00Z,40.000000,40.380000,40.810000,39.910000,2570096
2019-02-20T05:00:00Z,40.670000,41.290000,41.290000,40.440000,2340121
2019-02-21T05:00:00Z,41.250000,41.100000,41.253700,40.820000,1812335
2019-02-22T05:00:00Z,40.580000,41.240000,41.260000,40.500000,1578018
2019-02-25T05:00:00Z,41.690000,42.070000,42.490000,41.570000,2211578
2019-02-26T05:00:00Z,41.810000,41.470000,42.160000,41.365000,1689150
2019-02-27T05:00:00Z,41.310000,41.220000,41.420000,40.745000,1204365
2019-02-28T05:00:00Z,40.750000,40.830000,41.015000,40.560000,1473632
2019-03-01T05:00:00Z,41.380000,41.000000,41.640000,40.720000,1521029
2019-03-04T05:00:00Z,41.140000,40.640000,41.450000,40.090000,1849316
2019-03-05T05:00:00Z,40.590000,40.400000,40.670000,40.330000,1182539
2019-03-06T05:00:00Z,40.350000,39.940000,40.490000,39.910000,1392013
2019-03-07T05:00:00Z,39.760000,38.870000,39.770000,38.600000,2503454
2019-03-08T05:00:00Z,38.280000,38.750000,38.830000,38.000000,2199613
2019-03-11T04:00:00Z,38.920000,39.530000,39.700000,38.870000,1230823
2019-03-12T04:00:00Z,39.580000,39.590000,39.790000,39.140000,1261907
2019-03-13T04:00:00Z,39.800000,39.610000,39.800000,38.840000,2189375
2019-03-14T04:00:00Z,39.630000,39.270000,39.830000,39.200000,1690521
2019-03-15T04:00:00Z,39.510000,40.460000,40.590000,39.270000,4070333
2019-03-18T04:00:00Z,40.440000,40.390000,40.930000,40.075000,2980658
2019-03-19T04:00:00Z,40.570000,40.540000,40.780000,40.280000,1535325
2019-03-20T04:00:00Z,40.560000,39.580000,40.560000,39.200000,3597026
2019-03-21T04:00:00Z,39.530000,40.510000,40.880000,39.440000,4585446
2019-03-22T04:00:00Z,40.330000,39.610000,40.720000,39.590000,3130478
2019-03-25T04:00:00Z,39.410000,39.510000,39.790000,39.090000,1204845
2019-03-26T04:00:00Z,39.810000,39.800000,40.198000,39.437500,1219295
2019-03-27T04:00:00Z,39.790000,39.300000,40.060000,38.860000,1510553
2019-03-28T04:00:00Z,39.370000,39.220000,39.710000,39.010000,1060388
2019-03-29T04:00:00Z,39.650000,39.840000,39.940000,39.500000,1160695
2019-04-01T04:00:00Z,40.130000,41.780000,41.900000,40.130000,2904761
2019-04-02T04:00:00Z,41.730000,42.020000,42.190000,41.170800,2232906
2019-04-03T04:00:00Z,42.670000,43.600000,43.725000,42.290000,2964593
2019-04-04T04:00:00Z,43.470000,43.630000,43.750000,42.990000,1693682
2019-04-05T04:00:00Z,43.890000,44.150000,44.395000,43.640000,1575961
2019-04-08T04:00:00Z,44.120000,44.310000,44.370000,43.630000,1270413
2019-04-09T04:00:00Z,44.050000,43.700000,44.200000,43.525000,2599756
2019-04-10T04:00:00Z,43.670000,43.920000,44.070000,43.130000,2885997
2019-04-11T04:00:00Z,44.000000,43.610000,44.210000,43.380000,1536511
2019-04-12T04:00:00Z,44.250000,44.140000,44.350000,43.820000,1273562
2019-04-15T04:00:00Z,44.000000,43.940000,44.250000,43.400000,1364057
2019-04-16T04:00:00Z,44.480000,45.130000,45.210000,44.000000,1836412
2019-04-17T04:00:00Z,45.480000,44.850000,45.570000,44.570000,2130176
2019-04-18T04:00:00Z,45.000000,44.810000,45.190000,44.590000,1430551
2019-04-22T04:00:00Z,44.710000,44.850000,44.880000,44.530000,1701133
2019-04-23T04:00:00Z,44.640000,44.590000,44.890000,44.360000,3200623
2019-04-24T04:00:00Z,46.710000,47.990000,49.450000,45.960000,10155247
2019-04-25T04:00:00Z,48.460000,48.150000,48.880000,47.530000,3959431
2019-04-26T04:00:00Z,47.880000,48.760000,49.530000,47.380000,2745817
2019-04-29T04:00:00Z,48.770000,49.100000,49.270000,48.510000,2018330
2019-04-30T04:00:00Z,48.840000,49.000000,49.340000,48.420000,1665515
2019-05-01T04:00:00Z,49.330000,48.740000,49.830000,48.740000,1748090
2019-05-02T04:00:00Z,48.680000,48.960000,49.440000,48.350000,1744653
2019-05-03T04:00:00Z,49.250000,49.430000,49.460000,48.935000,1907592
2019-05-06T04:00:00Z,47.930000,48.580000,48.900000,47.380000,1954060
2019-05-07T04:00:00Z,48.030000,48.120000,48.130000,46.985000,2142321
2019-05-08T04:00:00Z,47.750000,48.190000,48.760000,47.680000,2212449
2019-05-09T04:00:00Z,47.340000,47.970000,48.180000,46.640000,2156377
2019-05-10T04:00:00Z,47.690000,48.250000,48.620000,47.210000,1570815
2019-05-13T04:00:00Z,46.410000,45.760000,46.880000,45.430000,2008217
2019-05-14T04:00:00Z,46.370000,46.230000,46.870000,45.880000,1351606
2019-05-15T04:00:00Z,45.660000,46.790000,47.300000,45.490000,1103298
2019-05-16T04:00:00Z,46.750000,46.970000,47.430000,46.140000,1850130
2019-05-17T04:00:00Z,46.500000,45.900000,46.920000,45.820000,1363917
2019-05-20T04:00:00Z,44.110000,43.830000,45.000000,43.810000,2847301
2019-05-21T04:00:00Z,44.430000,43.920000,44.950000,43.710000,3962903
2019-05-22T04:00:00Z,43.490000,43.500000,43.910000,43.150000,2182677
2019-05-23T04:00:00Z,42.840000,42.310000,43.000000,41.685000,2309760
2019-05-24T04:00:00Z,42.540000,41.890000,42.890000,41.850000,2080961
2019-05-28T04:00:00Z,41.880000,41.600000,42.160000,41.330000,1804468
2019-05-29T04:00:00Z,41.120000,42.320000,42.370000,40.920000,2195807
2019-05-30T04:00:00Z,42.380000,42.550000,43.310000,42.380000,1508410
2019-05-31T04:00:00Z,42.020000,42.140000,42.930000,41.980000,2178820
2019-06-03T04:00:00Z,42.450000,42.300000,42.895000,41.890000,1701400
2019-06-04T04:00:00Z,42.890000,44.320000,44.380000,42.530000,2226924
2019-06-05T04:00:00Z,44.570000,44.540000,44.790000,43.610000,1901912
2019-06-06T04:00:00Z,44.740000,44.890000,45.160000,44.480000,1995014
2019-06-07T04:00:00Z,45.100000,45.210000,45.520000,44.900000,1742957
2019-06-10T04:00:00Z,45.660000,46.910000,47.230000,45.660000,2702908
2019-06-11T04:00:00Z,47.660000,47.360000,47.931700,46.920000,1614665
2019-06-12T04:00:00Z,46.660000,45.450000,46.750000,45.410000,1546404
2019-06-13T04:00:00Z,45.730000,45.090000,46.050000,44.770000,1617674
2019-06-14T04:00:00Z,44.400000,44.030000,44.420000,43.460000,1733253
2019-06-17T04:00:00Z,44.000000,44.090000,44.750000,43.700000,1694015
2019-06-18T04:00:00Z,44.100000,45.820000,45.872500,44.100000,1725419
2019-06-19T04:00:00Z,46.160000,45.470000,46.190000,45.440000,1357583
2019-06-20T04:00:00Z,46.380000,46.200000,46.500000,45.590000,1047975
2019-06-21T04:00:00Z,45.920000,46.050000,46.210000,45.770000,2304241
2019-06-24T04:00:00Z,46.180000,46.230000,46.400000,45.930000,1021076
2019-06-25T04:00:00Z,46.440000,45.450000,46.870000,45.430000,1423942
2019-06-26T04:00:00Z,46.230000,45.940000,46.800000,45.675000,1296388
2019-06-27T04:00:00Z,46.260000,46.650000,46.980000,46.260000,1241226
2019-06-28T04:00:00Z,47.030000,47.910000,48.120000,46.890000,5864796
2019-07-01T04:00:00Z,49.400000,48.830000,49.770000,48.380000,2534254
2019-07-02T04:00:00Z,48.570000,47.550000,48.680000,47.395000,1474812
2019-07-03T04:00:00Z,47.660000,47.300000,47.710000,46.950000,1039880
2019-07-05T04:00:00Z,46.960000,46.910000,47.160000,46.280000,1370287
2019-07-08T04:00:00Z,46.630000,46.650000,46.990000,46.310000,1501828
2019-07-09T04:00:00Z,46.200000,46.350000,46.580000,45.705000,2416296
2019-07-10T04:00:00Z,46.850000,45.920000,47.490000,45.740000,2452612
2019-07-11T04:00:00Z,45.890000,45.270000,46.000000,44.584200,2171116
2019-07-12T04:00:00Z,45.270000,46.260000,46.345000,45.230000,1401805
2019-07-15T04:00:00Z,46.480000,46.480000,46.740000,46.100000,1513537
2019-07-16T04:00:00Z,45.180000,45.160000,45.863200,43.788000,2547394
2019-07-17T04:00:00Z,45.460000,45.090000,45.754800,44.800000,1770933
2019-07-18T04:00:00Z,45.150000,46.300000,46.315000,44.850000,2360138
2019-07-19T04:00:00Z,46.290000,45.960000,46.580000,45.780000,1436363
2019-07-22T04:00:00Z,46.400000,46.840000,47.250000,46.390000,1825265
2019-07-23T04:00:00Z,47.150000,48.090000,48.230000,47.010000,2831230
2019-07-24T04:00:00Z,53.380000,57.940000,58.610000,53.125000,16165099
2019-07-25T04:00:00Z,57.140000,55.900000,57.700000,55.750000,5353676
2019-07-26T04:00:00Z,56.240000,56.350000,57.270000,56.030000,2406266
2019-07-29T04:00:00Z,56.320000,57.590000,58.020000,56.200000,3573937
2019-07-30T04:00:00Z,56.820000,57.360000,57.750000,55.600000,2914219
2019-07-31T04:00:00Z,57.350000,55.730000,57.350000,55.050000,3713795
2019-08-01T04:00:00Z,56.400000,54.800000,57.110000,54.050000,2621673
2019-08-02T04:00:00Z,54.300000,53.470000,54.760000,53.170000,2282457
2019-08-05T04:00:00Z,51.850000,51.730000,52.480000,51.110000,2792501
2019-08-06T04:00:00Z,52.650000,51.260000,52.960000,50.730000,4784792
2019-08-07T04:00:00Z,50.930000,50.450000,51.090000,49.890000,6208195
2019-08-08T04:00:00Z,51.290000,52.400000,52.630000,50.960000,3713661
2019-08-09T04:00:00Z,51.930000,52.170000,52.510000,51.005000,1866549
2019-08-12T04:00:00Z,51.760000,52.250000,53.110000,51.310000,2036248
2019-08-13T04:00:00Z,51.720000,53.580000,54.351100,51.090000,2082246
2019-08-14T04:00:00Z,52.250000,51.290000,52.870000,51.260000,2135914
2019-08-15T04:00:00Z,51.530000,52.030000,52.320000,51.310000,1599708
2019-08-16T04:00:00Z,52.300000,52.950000,53.420000,52.300000,1236282
2019-08-19T04:00:00Z,53.900000,53.120000,54.270000,53.000000,1346081
2019-08-20T04:00:00Z,53.410000,53.060000,53.630000,52.680000,1135452
2019-08-21T04:00:00Z,53.760000,53.430000,53.890000,53.155000,2005856
2019-08-22T04:00:00Z,53.950000,53.650000,54.020000,52.670000,881264
2019-08-23T04:00:00Z,53.090000,51.990000,53.800000,51.740000,1389860
2019-08-26T04:00:00Z,52.890000,52.450000,52.890000,52.075000,791081
2019-08-27T04:00:00Z,52.860000,51.970000,52.970000,51.780000,830076
2019-08-28T04:00:00Z,51.770000,51.790000,52.170000,51.320000,1363010
2019-08-29T04:00:00Z,52.570000,52.650000,53.140000,52.520000,1210269
2019-08-30T04:00:00Z,53.160000,52.970000,53.380000,52.280000,1475725
2019-09-03T04:00:00Z,52.720000,52.210000,52.960000,51.889700,1042826
2019-09-04T04:00:00Z,53.180000,53.640000,53.900000,52.290000,1408203
2019-09-05T04:00:00Z,54.960000,55.920000,56.130000,54.250000,2407770
2019-09-06T04:00:00Z,56.000000,56.080000,56.540000,55.530000,1631409
2019-09-09T04:00:00Z,56.530000,57.400000,57.965000,55.200000,2836425
2019-09-10T04:00:00Z,57.390000,56.850000,57.912300,55.730000,3042869
2019-09-11T04:00:00Z,57.310000,57.750000,58.080000,56.570000,1340554
2019-09-12T04:00:00Z,58.000000,57.390000,58.200000,56.860000,2251877
2019-09-13T04:00:00Z,57.600000,57.840000,58.130000,56.800000,1734001
2019-09-16T04:00:00Z,57.080000,57.940000,58.065000,56.650000,1093669
2019-09-17T04:00:00Z,57.790000,58.000000,58.200000,57.300000,1941229
2019-09-18T04:00:00Z,57.780000,58.500000,58.590000,57.540000,2097924
2019-09-19T04:00:00Z,58.580000,58.740000,59.390000,58.180000,2043475
2019-09-20T04:00:00Z,59.010000,58.210000,59.310500,57.610000,2833864
2019-09-23T04:00:00Z,58.530000,58.710000,59.320000,58.220000,1541078
2019-09-24T04:00:00Z,58.910000,58.150000,59.309500,58.100000,3116625
2019-09-25T04:00:00Z,57.690000,59.420000,59.716600,57.395000,1613701
2019-09-26T04:00:00Z,59.730000,59.220000,59.750000,58.920000,1770990
2019-09-27T04:00:00Z,59.090000,57.400000,59.320000,56.630000,2210494
2019-09-30T04:00:00Z,57.900000,57.910000,58.095000,57.475000,1552763
2019-10-01T04:00:00Z,58.740000,58.110000,58.970500,57.500000,1774294
2019-10-02T04:00:00Z,57.580000,57.340000,58.020000,56.970000,1878209
2019-10-03T04:00:00Z,57.490000,58.430000,58.480000,56.890000,1786648
2019-10-04T04:00:00Z,58.880000,59.955000,60.000000,58.600000,1993926
2019-10-07T04:00:00Z,59.690000,59.370000,60.100000,59.070000,2012675
2019-10-08T04:00:00Z,59.030000,58.040000,59.050000,57.450000,2063673
2019-10-09T04:00:00Z,59.150000,59.850000,60.420000,58.550000,2864790
2019-10-10T04:00:00Z,60.120000,59.880000,60.710000,59.540000,2335204
2019-10-11T04:00:00Z,60.990000,61.180000,61.750000,60.710000,2446637
2019-10-14T04:00:00Z,60.990000,60.615000,61.480000,60.530000,1322189
2019-10-15T04:00:00Z,60.800000,61.690000,62.090000,60.800000,1787819
2019-10-16T04:00:00Z,61.650000,60.260000,61.820000,60.210000,2084728
2019-10-17T04:00:00Z,60.700000,60.310000,61.480000,59.959800,2747585
2019-10-18T04:00:00Z,60.340000,58.930000,60.340000,58.600000,2926145
2019-10-21T04:00:00Z,60.050000,60.060000,61.120000,59.732100,2694983
2019-10-22T04:00:00Z,60.050000,59.150000,60.470000,58.880000,3658030
2019-10-23T04:00:00Z,63.550000,60.700000,65.440000,60.040000,8615029
2019-10-24T04:00:00Z,61.230000,63.110000,63.280000,61.220000,2655846
2019-10-25T04:00:00Z,63.030000,63.620000,64.110000,63.030000,2219290
2019-10-28T04:00:00Z,64.000000,64.060000,65.040000,63.840000,2128766
2019-10-29T04:00:00Z,64.010000,63.620000,64.610000,63.250000,1290347
2019-10-30T04:00:00Z,63.620000,62.770000,63.720000,62.460000,1449754
2019-10-31T04:00:00Z,62.200000,61.220000,62.230000,60.550000,2186302
2019-11-01T04:00:00Z,61.510000,62.390000,62.490000,61.510000,1499745
2019-11-04T05:00:00Z,63.190000,62.870000,63.610000,62.560000,1741998
2019-11-05T05:00:00Z,63.260000,62.590000,63.470000,62.530000,1394737
2019-11-06T05:00:00Z,62.450000,63.015000,63.090000,61.970000,1489889
2019-11-07T05:00:00Z,63.690000,62.570000,64.290000,62.290000,1870969
2019-11-08T05:00:00Z,62.580000,63.510000,63.570000,62.430000,2121261
2019-11-11T05:00:00Z,63.040000,64.070000,64.330000,63.000000,1071492
2019-11-12T05:00:00Z,64.360000,65.180000,65.550000,64.360000,3379323
2019-11-13T05:00:00Z,64.660000,65.660000,65.800000,64.090000,2534476
2019-11-14T05:00:00Z,65.380000,65.570000,65.850000,65.000000,2057360
2019-11-15T05:00:00Z,66.320000,66.770000,67.200000,66.050000,2873553
2019-11-18T05:00:00Z,66.550000,65.110000,66.740000,65.020000,2262270
2019-11-19T05:00:00Z,65.290000,64.160000,65.570000,63.835000,2523565
2019-11-20T05:00:00Z,63.960000,63.850000,64.680000,63.300000,2010617
2019-11-21T05:00:00Z,63.560000,61.780000,63.560000,61.420000,2243734
2019-11-22T05:00:00Z,62.230000,61.960000,62.770000,61.480000,1723711
2019-11-25T05:00:00Z,62.410000,63.590000,63.820000,62.310000,1829592
2019-11-26T05:00:00Z,63.490000,63.670000,64.020000,63.100000,10908965
2019-11-27T05:00:00Z,64.140000,63.970000,64.570000,63.840000,1186659
2019-11-29T05:00:00Z,63.700000,62.590000,64.060000,62.520000,712030
2019-12-02T05:00:00Z,62.570000,62.540000,63.120000,61.950000,1525904
2019-12-03T05:00:00Z,61.170000,61.640000,62.200000,61.020000,1608332
2019-12-04T05:00:00Z,62.210000,62.700000,63.165000,62.210000,1482221
2019-12-05T05:00:00Z,62.600000,62.660000,63.250000,62.230000,1196338
2019-12-06T05:00:00Z,62.330000,63.940000,63.990000,62.330000,1596477
2019-12-09T05:00:00Z,64.000000,63.520000,64.055000,63.500000,1627246
2019-12-10T05:00:00Z,63.910000,64.070000,64.270000,63.580000,1251141
2019-12-11T05:00:00Z,63.990000,65.560000,65.620000,63.900000,1337056
2019-12-12T05:00:00Z,65.590000,66.410000,67.010000,65.248400,1751135
2019-12-13T05:00:00Z,66.340000,66.690000,67.370000,66.194400,1132667
2019-12-16T05:00:00Z,67.720000,68.320000,69.120000,67.410000,2022003
2019-12-17T05:00:00Z,68.660000,68.520000,69.000000,67.940000,1538247
2019-12-18T05:00:00Z,68.730000,68.400000,68.800000,68.090000,1227527
2019-12-19T05:00:00Z,68.490000,68.560000,68.780000,68.050000,2643546
2019-12-20T05:00:00Z,68.820000,69.350000,69.440000,68.550000,3613824
2019-12-23T05:00:00Z,69.730000,69.070000,69.800000,68.990000,1235291
2019-12-24T05:00:00Z,69.200000,68.990000,69.240000,68.600000,373486
2019-12-26T05:00:00Z,68.970000,69.630000,69.740000,68.790000,1663197
2019-12-27T05:00:00Z,69.840000,69.140000,69.900000,69.005000,624780
2019-12-30T05:00:00Z,69.160000,68.760000,69.300000,68.030000,755050
2019-12-31T05:00:00Z,68.430000,68.190000,68.680000,67.880000,1124764
2020-01-02T05:00:00Z,68.840000,69.680000,69.790000,68.540000,1100833
2020-01-03T05:00:00Z,68.130000,68.230000,68.910000,67.470000,1363418
2020-01-06T05:00:00Z,67.310000,66.750000,67.345000,66.230000,1717617
2020-01-07T05:00:00Z,67.080000,68.220000,68.870000,66.850000,2097484
2020-01-08T05:00:00Z,68.390000,68.300000,68.870000,68.000000,1188128
2020-01-09T05:00:00Z,68.910000,68.260000,69.500000,67.470000,1782997
2020-01-10T05:00:00Z,68.530000,67.930000,68.880000,67.825000,1200913
2020-01-13T05:00:00Z,69.820000,69.270000,69.820000,68.750000,1482486
2020-01-14T05:00:00Z,69.270000,70.270000,70.740000,69.270000,2240768
2020-01-15T05:00:00Z,70.270000,69.150000,70.270000,68.640000,1580333
2020-01-16T05:00:00Z,69.430000,70.500000,70.820000,69.425600,1610013
2020-01-17T05:00:00Z,70.550000,70.290000,70.720000,70.040000,1300466
2020-01-21T05:00:00Z,70.460000,71.550000,71.980000,70.250000,2956262
2020-01-22T05:00:00Z,72.530000,73.590000,73.790000,72.460000,4299255
2020-01-23T05:00:00Z,79.050000,76.210000,81.570000,74.950000,16558935
2020-01-24T05:00:00Z,75.870000,72.100000,76.200000,71.400000,5662275
2020-01-27T05:00:00Z,70.510000,69.490000,70.510000,69.035000,3699442
2020-01-28T05:00:00Z,69.960000,71.150000,71.630000,69.020000,2625120
2020-01-29T05:00:00Z,71.570000,70.025000,71.950000,69.710000,2232917
2020-01-30T05:00:00Z,69.720000,68.850000,70.660000,68.330000,2411880
2020-01-31T05:00:00Z,68.360000,65.990000,68.770000,65.580000,2952793
2020-02-03T05:00:00Z,66.380000,67.800000,67.880000,66.310000,2033015
2020-02-04T05:00:00Z,69.010000,70.470000,70.658000,68.916800,2006730
2020-02-05T05:00:00Z,71.750000,71.280000,71.830000,70.200000,1377207
2020-02-06T05:00:00Z,71.280000,71.370000,71.715000,70.730000,1119956
2020-02-07T05:00:00Z,70.690000,69.450000,71.000000,69.210000,1667309
2020-02-10T05:00:00Z,69.000000,70.550000,70.630000,68.830000,1182558
2020-02-11T05:00:00Z,71.390000,72.400000,73.040000,71.200000,1565745
2020-02-12T05:00:00Z,72.770000,73.100000,73.560000,72.460000,1503098
2020-02-13T05:00:00Z,72.720000,72.580000,73.600000,72.115000,2073785
2020-02-14T05:00:00Z,72.800000,70.160000,72.880000,69.660000,2040249
2020-02-18T05:00:00Z,67.920000,67.390000,68.310000,66.725000,4029097
2020-02-19T05:00:00Z,68.330000,67.980000,68.700000,67.850000,2210201
2020-02-20T05:00:00Z,67.860000,67.890000,68.570000,66.250000,1793334
2020-02-21T05:00:00Z,67.560000,66.000000,67.560000,65.640000,2329956
2020-02-24T05:00:00Z,63.210000,63.880000,64.510000,62.675000,4037275
2020-02-25T05:00:00Z,64.700000,61.630000,64.780000,61.190000,2879526
2020-02-26T05:00:00Z,61.980000,61.430000,62.960000,61.119600,1973074
2020-02-27T05:00:00Z,59.530000,58.410000,60.200000,57.580000,4047688
2020-02-28T05:00:00Z,55.770000,58.760000,58.970000,55.320000,3649402
2020-03-02T05:00:00Z,59.410000,60.490000,60.680000,57.580000,2780288
2020-03-03T05:00:00Z,60.510000,58.470000,61.440000,57.900000,2071551
2020-03-04T05:00:00Z,59.590000,62.470000,62.500000,59.570000,2588617
2020-03-05T05:00:00Z,60.640000,60.620000,61.540000,59.790000,1638733
2020-03-06T05:00:00Z,58.660000,58.920000,59.710000,57.250000,1917185
2020-03-09T04:00:00Z,53.580000,55.080000,56.510000,53.010100,2484204
2020-03-10T04:00:00Z,56.880000,59.010000,59.160000,55.080000,2713884
2020-03-11T04:00:00Z,57.290000,54.880000,58.090000,54.670000,2577344
2020-03-12T04:00:00Z,50.800000,49.830000,53.060000,49.600000,3130232
2020-03-13T04:00:00Z,53.230000,54.530000,54.880000,48.680000,2910671
2020-03-16T04:00:00Z,48.100000,48.150000,53.920000,46.775000,2791912
2020-03-17T04:00:00Z,49.550000,51.720000,52.145000,47.390000,2535439
2020-03-18T04:00:00Z,47.570000,46.180000,51.100000,42.870000,2665228
2020-03-19T04:00:00Z,45.770000,47.000000,50.080000,45.570000,2558466
2020-03-20T04:00:00Z,48.390000,44.290000,49.920000,44.070000,2663741
2020-03-23T04:00:00Z,44.610000,45.970000,47.380000,43.320000,2812640
2020-03-24T04:00:00Z,48.330000,52.820000,52.980000,47.830000,3422632
2020-03-25T04:00:00Z,53.250000,54.240000,56.990000,51.050000,3288069
2020-03-26T04:00:00Z,54.970000,57.510000,57.540000,54.720000,2442560
2020-03-27T04:00:00Z,55.630000,54.850000,56.610000,54.560000,2156721
2020-03-30T04:00:00Z,54.980000,55.240000,56.090000,53.740000,1872103
2020-03-31T04:00:00Z,55.970000,54.170000,56.070000,53.410000,2192726
2020-04-01T04:00:00Z,52.390000,52.140000,53.935000,51.430000,1947152
2020-04-02T04:00:00Z,51.210000,53.430000,53.540000,51.150000,1387342
2020-04-03T04:00:00Z,52.710000,52.860000,54.020000,51.890000,1426542
2020-04-06T04:00:00Z,55.060000,59.200000,59.460000,55.060000,2591870
2020-04-07T04:00:00Z,61.570000,59.190000,62.150000,58.930000,2958085
2020-04-08T04:00:00Z,59.950000,62.780000,62.980000,59.120000,1911981
2020-04-09T04:00:00Z,63.610000,61.150000,64.890000,60.440000,2686599
2020-04-13T04:00:00Z,60.810000,60.960000,61.430000,59.820000,908208
2020-04-14T04:00:00Z,62.710000,63.310000,64.610000,62.560000,1557507
2020-04-15T04:00:00Z,60.920000,61.100000,61.820000,59.230000,1727458
2020-04-16T04:00:00Z,62.430000,63.860000,64.590000,61.960000,3100452
2020-04-17T04:00:00Z,65.320000,63.830000,66.440000,63.250000,2944499
2020-04-20T04:00:00Z,63.110000,62.470000,63.810000,62.460000,1362925
2020-04-21T04:00:00Z,61.470000,60.930000,62.470000,60.230000,3005237
2020-04-22T04:00:00Z,64.810000,62.780000,66.283500,57.490000,6690016
2020-04-23T04:00:00Z,60.430000,61.200000,62.550000,60.430000,2608671
2020-04-24T04:00:00Z,61.220000,62.000000,62.170000,60.280000,1564837
2020-04-27T04:00:00Z,62.640000,63.750000,65.105800,62.458800,1626676
2020-04-28T04:00:00Z,64.580000,63.190000,64.840000,61.800000,1755337
2020-04-29T04:00:00Z,63.090000,67.320000,67.540000,63.090000,2598459
2020-04-30T04:00:00Z,66.700000,62.540000,66.870000,62.530000,2207599
2020-05-01T04:00:00Z,60.730000,57.850000,61.060700,56.710000,3333279
2020-05-04T04:00:00Z,57.340000,58.580000,59.180000,57.050000,2171347
2020-05-05T04:00:00Z,59.270000,59.440000,61.650000,59.090000,1709790
2020-05-06T04:00:00Z,60.420000,60.500000,61.680000,59.825000,1596684
2020-05-07T04:00:00Z,61.360000,62.430000,62.640000,61.360000,2482217
2020-05-08T04:00:00Z,63.100000,65.090000,65.705000,63.100000,2052703
2020-05-11T04:00:00Z,64.180000,63.110000,64.550000,63.065600,2790417
2020-05-12T04:00:00Z,63.410000,61.300000,63.920000,61.290000,1735957
2020-05-13T04:00:00Z,61.200000,59.730000,62.224700,58.640000,1718300
2020-05-14T04:00:00Z,58.930000,61.390000,61.550000,57.330000,2040983
2020-05-15T04:00:00Z,57.440000,56.890000,59.360000,56.420000,3275490
2020-05-18T04:00:00Z,58.610000,60.650000,60.970000,57.500000,2534835
2020-05-19T04:00:00Z,60.990000,61.120000,62.970000,60.730000,1562895
2020-05-20T04:00:00Z,62.730000,63.530000,63.840000,62.500000,2042432
2020-05-21T04:00:00Z,62.860000,61.740000,63.420000,60.940000,1530896
2020-05-22T04:00:00Z,61.950000,62.750000,62.800000,61.100000,850399
2020-05-26T04:00:00Z,64.800000,64.850000,65.865000,63.110000,1924775
2020-05-27T04:00:00Z,65.970000,67.590000,67.690000,64.920000,2663535
2020-05-28T04:00:00Z,67.650000,64.560000,68.170000,64.210000,2279988
2020-05-29T04:00:00Z,64.910000,67.020000,67.250000,64.770000,2465128
2020-06-01T04:00:00Z,66.840000,67.160000,67.950000,66.500000,1963973
2020-06-02T04:00:00Z,67.380000,69.450000,69.490000,67.120000,1344941
2020-06-03T04:00:00Z,71.270000,72.320000,73.480000,70.620000,2479193
2020-06-04T04:00:00Z,72.450000,73.190000,73.685000,71.840000,1996384
2020-06-05T04:00:00Z,75.560000,76.760000,78.030000,75.200000,2529873
2020-06-08T04:00:00Z,78.000000,74.900000,78.190000,73.910000,2851252
2020-06-09T04:00:00Z,73.660000,74.865000,75.710000,72.500000,2979758
2020-06-10T04:00:00Z,75.350000,76.280000,77.480000,74.960000,2280848
2020-06-11T04:00:00Z,74.000000,70.810000,74.470000,70.760000,2753485
2020-06-12T04:00:00Z,73.500000,71.750000,74.190000,70.320000,2592789
2020-06-15T04:00:00Z,70.430000,74.570000,74.670000,70.060000,2745039
2020-06-16T04:00:00Z,77.200000,77.030000,78.860000,75.810000,2605225
2020-06-17T04:00:00Z,77.470000,78.420000,78.770000,77.080000,2155705
2020-06-18T04:00:00Z,78.800000,79.610000,79.930000,78.010000,2025212
2020-06-19T04:00:00Z,80.430000,82.750000,82.790000,80.030000,4815175
2020-06-22T04:00:00Z,82.940000,83.850000,84.500000,81.789100,2598564
2020-06-23T04:00:00Z,85.000000,83.740000,85.420000,83.500000,1988640
2020-06-24T04:00:00Z,83.660000,81.360000,84.860000,80.900000,3000695
2020-06-25T04:00:00Z,81.480000,84.830000,84.830000,80.630100,2551761
2020-06-26T04:00:00Z,84.740000,81.850000,84.970000,81.640000,2404026
2020-06-29T04:00:00Z,81.780000,82.830000,83.340000,80.580000,1607211
2020-06-30T04:00:00Z,82.820000,84.510000,84.860000,82.160000,2338207
2020-07-01T04:00:00Z,84.700000,82.910000,84.790000,82.810000,1422420
2020-07-02T04:00:00Z,84.000000,84.580000,85.720000,83.670000,1609794
2020-07-06T04:00:00Z,86.920000,88.130000,89.580000,86.200000,1793878
2020-07-07T04:00:00Z,87.780000,86.340000,88.880000,86.300000,1995054
2020-07-08T04:00:00Z,87.460000,87.750000,88.450000,86.620000,1724426
2020-07-09T04:00:00Z,88.380000,88.460000,89.270000,87.130000,1440872
2020-07-10T04:00:00Z,88.500000,87.380000,88.850000,85.880000,2076710
2020-07-13T04:00:00Z,88.450000,86.850000,90.700000,86.810000,2280526
2020-07-14T04:00:00Z,83.560000,86.610000,86.640000,82.910000,2612036
2020-07-15T04:00:00Z,87.170000,86.530000,87.170000,84.690000,1590784
2020-07-16T04:00:00Z,85.160000,86.100000,86.530000,84.870000,1096930
2020-07-17T04:00:00Z,86.270000,86.420000,86.630000,85.610000,1031724
2020-07-20T04:00:00Z,86.950000,89.740000,89.855000,86.420000,1575514
2020-07-21T04:00:00Z,89.740000,89.720000,90.380000,88.410000,3364699
2020-07-22T04:00:00Z,89.240000,89.490000,90.229900,86.490000,3475706
2020-07-23T04:00:00Z,89.840000,86.100000,90.645000,84.378500,2764168
2020-07-24T04:00:00Z,84.120000,83.530000,84.970000,82.740000,2253295
2020-07-27T04:00:00Z,84.990000,88.320000,88.900000,84.360000,3006491
2020-07-28T04:00:00Z,87.340000,87.000000,88.050000,86.240000,2203320
2020-07-29T04:00:00Z,87.750000,88.770000,89.820000,87.630000,2318034
2020-07-30T04:00:00Z,87.710000,88.610000,88.750000,86.230000,1451320
2020-07-31T04:00:00Z,88.090000,88.960000,89.030000,86.180000,2330945
2020-08-03T04:00:00Z,89.460000,90.260000,91.310000,89.460000,1747131
2020-08-04T04:00:00Z,90.250000,89.530000,90.390000,88.480000,1126536
2020-08-05T04:00:00Z,89.760000,90.650000,90.870000,89.350000,3476553
2020-08-06T04:00:00Z,91.000000,90.860000,92.240000,89.530000,1675603
2020-08-07T04:00:00Z,90.300000,87.570000,90.970000,85.640000,2315277
2020-08-10T04:00:00Z,87.750000,87.100000,88.430000,86.080000,1418624
2020-08-11T04:00:00Z,86.850000,86.270000,88.000000,86.050000,1525475
2020-08-12T04:00:00Z,87.270000,89.650000,89.930000,86.361200,1310048
2020-08-13T04:00:00Z,90.000000,89.980000,90.870000,88.898600,996984
2020-08-14T04:00:00Z,90.270000,90.060000,93.438100,89.650000,1314682
2020-08-17T04:00:00Z,91.000000,91.980000,92.480000,90.280000,929396
2020-08-18T04:00:00Z,92.480000,91.230000,92.650000,90.040000,1133122
2020-08-19T04:00:00Z,91.620000,90.240000,92.280000,90.085000,853633
2020-08-20T04:00:00Z,89.000000,88.730000,89.230000,88.020000,1181356
2020-08-21T04:00:00Z,88.580000,88.000000,88.580000,87.520000,1258350
2020-08-24T04:00:00Z,88.970000,89.090000,89.860000,88.270000,829897
2020-08-25T04:00:00Z,89.240000,90.310000,90.340000,89.160000,1158242
2020-08-26T04:00:00Z,90.220000,89.870000,90.360000,89.040000,830197
2020-08-27T04:00:00Z,89.980000,84.780000,90.290000,84.780000,2163411
2020-08-28T04:00:00Z,85.440000,85.730000,85.900000,84.360000,2035347
2020-08-31T04:00:00Z,86.080000,84.970000,86.260000,84.282400,1611484
2020-09-01T04:00:00Z,86.000000,85.350000,87.105000,84.940000,1373617
2020-09-02T04:00:00Z,86.540000,88.370000,88.530000,85.620000,1642634
2020-09-03T04:00:00Z,86.690000,81.930000,87.430000,81.540000,2570644
2020-09-04T04:00:00Z,79.630000,78.600000,81.620000,75.460000,4216317
2020-09-08T04:00:00Z,76.140000,75.530000,78.160000,75.200000,4308014
2020-09-09T04:00:00Z,77.500000,76.870000,78.175000,76.350000,3001593
2020-09-10T04:00:00Z,78.020000,75.440000,78.230000,74.950000,3245772
2020-09-11T04:00:00Z,76.000000,74.920000,76.600000,74.075000,1653308
2020-09-14T04:00:00Z,76.490000,76.820000,77.050000,75.430000,1921025
2020-09-15T04:00:00Z,77.460000,77.200000,77.840000,76.270000,1452917
2020-09-16T04:00:00Z,77.520000,76.330000,78.420000,76.100000,1868704
2020-09-17T04:00:00Z,75.000000,77.640000,77.710000,74.200600,1739971
2020-09-18T04:00:00Z,78.220000,76.370000,78.680000,75.430000,30241420
2020-09-21T04:00:00Z,75.200000,76.920000,77.000000,74.500000,1982121
2020-09-22T04:00:00Z,77.560000,76.560000,77.560000,75.200000,1784977
2020-09-23T04:00:00Z,76.860000,75.410000,78.070000,75.130000,2092585
2020-09-24T04:00:00Z,74.710000,76.300000,77.600000,74.710000,2206492
2020-09-25T04:00:00Z,76.340000,77.715000,78.100000,75.410000,1740575
2020-09-28T04:00:00Z,78.660000,79.200000,79.530000,77.570000,1831782
2020-09-29T04:00:00Z,79.520000,79.860000,80.670000,79.485000,1173408
2020-09-30T04:00:00Z,79.330000,79.460000,80.395000,78.810000,1804218
2020-10-01T04:00:00Z,80.840000,81.300000,81.650000,80.370000,1200849
2020-10-02T04:00:00Z,78.750000,78.620000,79.890000,78.311500,1033685
2020-10-05T04:00:00Z,79.500000,81.230000,81.310000,79.480000,1310660
2020-10-06T04:00:00Z,81.270000,81.110000,83.140000,80.570000,1169086
2020-10-07T04:00:00Z,82.350000,82.290000,83.320000,81.840000,1243028
2020-10-08T04:00:00Z,82.600000,82.480000,83.377200,82.165000,1137286
2020-10-09T04:00:00Z,85.360000,86.100000,86.835000,84.610000,1766909
2020-10-12T04:00:00Z,86.790000,86.630000,87.530000,85.790000,2069839
2020-10-13T04:00:00Z,87.000000,87.630000,88.640000,86.130000,1142905
2020-10-14T04:00:00Z,87.560000,86.930000,88.850000,86.780000,967124
2020-10-15T04:00:00Z,84.860000,87.290000,87.610000,84.280000,1096134
2020-10-16T04:00:00Z,88.190000,86.590000,88.330000,86.365000,1032372
2020-10-19T04:00:00Z,87.720000,86.670000,88.800000,86.050000,1469362
2020-10-20T04:00:00Z,87.680000,87.940000,88.880000,87.520000,2817966
2020-10-21T04:00:00Z,88.000000,92.070000,93.170000,88.000000,3533759
2020-10-22T04:00:00Z,92.750000,90.940000,92.750000,89.400000,2175660
2020-10-23T04:00:00Z,91.570000,92.000000,92.460000,91.010000,1166433
2020-10-26T04:00:00Z,90.580000,89.590000,91.620000,88.310000,1258007
2020-10-27T04:00:00Z,89.830000,87.460000,89.830000,86.860000,1498042
2020-10-28T04:00:00Z,85.740000,85.540000,86.867800,85.000000,1185945
2020-10-29T04:00:00Z,85.530000,88.540000,89.340000,85.080000,1615812
2020-10-30T04:00:00Z,86.810000,87.850000,88.152200,86.090000,1581504
2020-11-02T05:00:00Z,88.500000,89.700000,90.510000,88.250000,1842287
2020-11-03T05:00:00Z,90.670000,89.830000,91.710000,89.295000,1082397
2020-11-04T05:00:00Z,92.000000,95.850000,96.430000,90.940000,2561606
2020-11-05T05:00:00Z,97.380000,99.320000,100.345000,97.040000,1918193
2020-11-06T05:00:00Z,98.830000,100.260000,100.740000,98.000000,1506642
2020-11-09T05:00:00Z,104.800000,101.530000,105.620000,101.280000,2214225
2020-11-10T05:00:00Z,101.950000,98.150000,102.072900,97.480000,1975833
2020-11-11T05:00:00Z,99.640000,101.180000,101.670000,99.480000,1683541
2020-11-12T05:00:00Z,102.130000,100.480000,102.130000,99.810000,1309789
2020-11-13T05:00:00Z,102.200000,102.290000,103.200000,101.000000,1062824
2020-11-16T05:00:00Z,102.920000,107.180000,107.240000,102.670000,1763979
2020-11-17T05:00:00Z,106.720000,105.910000,106.720000,104.880000,1258682
2020-11-18T05:00:00Z,105.980000,104.820000,106.440000,104.755000,1186094
2020-11-19T05:00:00Z,104.810000,106.470000,106.625000,104.510000,1048091
2020-11-20T05:00:00Z,106.730000,106.330000,107.925000,106.120000,1376604
2020-11-23T05:00:00Z,107.070000,108.320000,108.650000,106.350000,1198559
2020-11-24T05:00:00Z,109.480000,108.990000,109.495000,107.170000,1665270
2020-11-25T05:00:00Z,109.500000,108.340000,110.030000,108.200000,1373229
2020-11-27T05:00:00Z,109.630000,109.400000,110.830000,109.070000,849186
2020-11-30T05:00:00Z,109.940000,110.340000,110.635000,108.035000,1560799
2020-12-01T05:00:00Z,111.260000,115.120000,115.940000,111.200000,2175237
2020-12-02T05:00:00Z,114.500000,113.960000,114.950000,112.850000,1386257
2020-12-03T05:00:00Z,115.010000,113.740000,117.220000,113.580000,1700221
2020-12-04T05:00:00Z,114.830000,116.030000,116.280000,114.000000,1167709
2020-12-07T05:00:00Z,116.550000,117.160000,117.320000,114.770000,1341726
2020-12-08T05:00:00Z,116.910000,118.670000,118.955000,116.540000,1113758
2020-12-09T05:00:00Z,118.060000,114.020000,118.220000,113.150000,1555322
2020-12-10T05:00:00Z,114.010000,115.680000,116.140000,112.276100,1619675
2020-12-11T05:00:00Z,114.430000,115.370000,116.130000,112.950000,1177836
2020-12-14T05:00:00Z,116.470000,117.180000,118.210000,115.830000,1279504
2020-12-15T05:00:00Z,117.990000,120.440000,120.760000,117.500000,1536177
2020-12-16T05:00:00Z,119.450000,119.770000,120.840000,118.590000,1671901
2020-12-17T05:00:00Z,121.000000,119.350000,122.369000,118.960000,1611591
2020-12-18T05:00:00Z,119.340000,120.590000,121.090000,118.830000,2703561
2020-12-21T05:00:00Z,117.890000,119.730000,120.160000,117.665300,1319431
2020-12-22T05:00:00Z,119.730000,118.570000,120.125000,118.150000,1690338
2020-12-23T05:00:00Z,119.070000,117.260000,119.290000,117.200000,928381
2020-12-24T05:00:00Z,117.690000,118.880000,118.900000,116.830000,421407
2020-12-28T05:00:00Z,120.080000,117.730000,120.220000,117.430000,735344
2020-12-29T05:00:00Z,118.920000,117.200000,119.065000,116.400000,957391
2020-12-30T05:00:00Z,118.250000,120.290000,120.720000,118.010000,793068
2020-12-31T05:00:00Z,120.120000,119.890000,120.710000,118.370000,699841
2021-01-04T05:00:00Z,121.680000,119.190000,123.445000,118.100000,1391678
2021-01-05T05:00:00Z,118.550000,121.490000,121.520000,118.380000,1083167
2021-01-06T05:00:00Z,120.690000,122.410000,124.850000,120.206000,1662507
2021-01-07T05:00:00Z,124.370000,129.910000,130.740000,124.260000,2117940
2021-01-08T05:00:00Z,131.600000,132.150000,133.480000,130.440000,1340849
2021-01-11T05:00:00Z,131.990000,135.700000,136.450000,130.520000,2352307
2021-01-12T05:00:00Z,136.380000,137.090000,139.525000,136.050000,1478903
2021-01-13T05:00:00Z,136.560000,136.020000,137.340000,135.350000,1452787
2021-01-14T05:00:00Z,138.210000,138.390000,139.550000,136.680000,1563213
2021-01-15T05:00:00Z,138.000000,137.300000,138.580000,134.770000,1884843
2021-01-19T05:00:00Z,139.230000,140.630000,141.569900,139.032300,1875119
2021-01-20T05:00:00Z,143.150000,138.610000,143.400000,137.890000,1955937
2021-01-21T05:00:00Z,140.780000,140.240000,141.410000,138.750000,1302549
2021-01-22T05:00:00Z,139.350000,137.950000,140.410000,137.330000,1357306
2021-01-25T05:00:00Z,140.480000,140.110000,141.790000,137.665000,1364172
2021-01-26T05:00:00Z,140.700000,138.100000,141.050000,138.070000,1249839
2021-01-27T05:00:00Z,135.260000,130.110000,135.510000,129.400000,2360411
2021-01-28T05:00:00Z,123.710000,119.940000,124.000000,119.610000,4095055
2021-01-29T05:00:00Z,119.120000,113.480000,119.715000,113.040000,4974757
2021-02-01T05:00:00Z,116.530000,117.550000,117.920000,114.000000,3083049
2021-02-02T05:00:00Z,121.300000,121.610000,121.790000,118.610000,4433439
2021-02-03T05:00:00Z,123.530000,120.570000,124.010000,120.010000,2495586
2021-02-04T05:00:00Z,122.180000,125.520000,125.620000,120.951400,1881965
2021-02-05T05:00:00Z,127.230000,126.120000,128.150000,124.810000,1936247
2021-02-08T05:00:00Z,127.970000,129.090000,129.640000,126.500000,1594067
2021-02-09T05:00:00Z,128.370000,128.270000,129.660000,126.710000,2134110
2021-02-10T05:00:00Z,129.570000,128.710000,131.475000,127.283200,1816177
2021-02-11T05:00:00Z,129.090000,135.040000,135.400000,129.090000,1834579
2021-02-12T05:00:00Z,135.390000,142.410000,143.780000,135.040000,2391536
2021-02-16T05:00:00Z,144.700000,143.640000,147.900000,142.780000,2407103
2021-02-17T05:00:00Z,140.990000,139.300000,141.710000,134.530000,2170420
2021-02-18T05:00:00Z,136.270000,136.500000,137.830000,134.480000,1675102
2021-02-19T05:00:00Z,139.670000,142.590000,143.260000,139.390000,2081456
2021-02-22T05:00:00Z,139.980000,132.390000,140.000000,131.830000,1928048
2021-02-23T05:00:00Z,126.590000,129.780000,131.890000,124.570000,3288858
2021-02-24T05:00:00Z,128.690000,134.190000,134.440000,126.210000,2386832
2021-02-25T05:00:00Z,132.770000,125.640000,133.285000,125.310000,1736603
2021-02-26T05:00:00Z,126.950000,128.610000,129.860000,124.030000,1924991
2021-03-01T05:00:00Z,131.470000,134.000000,134.350000,130.500100,2158064
2021-03-02T05:00:00Z,133.750000,126.800000,133.990000,126.740000,1698554
2021-03-03T05:00:00Z,126.650000,121.490000,128.670000,121.460000,1972808
2021-03-04T05:00:00Z,120.900000,113.970000,121.450000,111.310000,3351379
2021-03-05T05:00:00Z,117.660000,113.900000,117.830000,106.450000,3451724
2021-03-08T05:00:00Z,112.680000,104.200000,113.660000,104.050000,3909629
2021-03-09T05:00:00Z,109.070000,113.340000,114.831800,108.620000,3146648
2021-03-10T05:00:00Z,117.210000,108.910000,117.250000,108.150000,2867673
2021-03-11T05:00:00Z,111.290000,113.860000,114.830000,111.000000,2136026
2021-03-12T05:00:00Z,111.000000,112.830000,113.560000,110.050000,1705119
2021-03-15T04:00:00Z,113.520000,117.750000,118.370000,113.240000,2496757
2021-03-16T04:00:00Z,119.700000,117.350000,119.990000,116.095000,2368529
2021-03-17T04:00:00Z,115.630000,117.470000,118.870000,113.375000,2543174
2021-03-18T04:00:00Z,115.370000,112.370000,116.050000,112.150000,2485505
2021-03-19T04:00:00Z,112.930000,114.910000,116.060000,111.320000,3196538
2021-03-22T04:00:00Z,117.470000,117.010000,118.709900,115.120000,2148653
2021-03-23T04:00:00Z,116.450000,113.120000,118.200000,111.890000,2907747
2021-03-24T04:00:00Z,116.860000,112.000000,117.940000,111.880000,2098295
2021-03-25T04:00:00Z,110.010000,111.740000,112.140000,107.850000,1481523
2021-03-26T04:00:00Z,112.670000,119.020000,119.150000,112.120000,2239350
2021-03-29T04:00:00Z,118.140000,113.890000,118.220000,112.350000,2451227
2021-03-30T04:00:00Z,113.610000,115.960000,116.660000,113.200000,1051175
2021-03-31T04:00:00Z,117.830000,121.680000,122.870000,117.620000,2325431
2021-04-01T04:00:00Z,124.460000,128.810000,128.920000,124.100000,2177878
2021-04-05T04:00:00Z,130.480000,132.680000,133.770000,128.000000,2010731
2021-04-06T04:00:00Z,132.610000,132.380000,134.820000,130.230000,2088985
2021-04-07T04:00:00Z,131.580000,131.780000,133.390000,130.460000,1316491
2021-04-08T04:00:00Z,133.500000,133.920000,134.310000,132.260000,1496247
2021-04-09T04:00:00Z,132.740000,133.060000,134.065000,131.370000,1151256
2021-04-12T04:00:00Z,132.190000,130.505000,132.420000,129.250000,1350997
2021-04-13T04:00:00Z,131.750000,128.950000,131.990000,127.223200,1409770
2021-04-14T04:00:00Z,129.010000,128.155000,131.410000,127.530000,723759
2021-04-15T04:00:00Z,130.360000,131.190000,131.630000,128.030000,1416088
2021-04-16T04:00:00Z,131.550000,129.370000,132.420000,129.370000,1054861
2021-04-19T04:00:00Z,128.590000,126.230000,129.160000,124.780000,1318655
2021-04-20T04:00:00Z,125.710000,124.340000,126.970000,122.690000,1046316
2021-04-21T04:00:00Z,124.280000,129.890000,130.070000,123.580000,1290160
2021-04-22T04:00:00Z,129.780000,126.320000,130.170000,125.400000,1405912
2021-04-23T04:00:00Z,129.280000,131.530000,131.850000,128.155000,1257477
2021-04-26T04:00:00Z,131.460000,133.430000,133.675000,131.000000,1209761
2021-04-27T04:00:00Z,134.260000,131.100000,135.550000,131.070000,1768117
2021-04-28T04:00:00Z,139.000000,132.400000,139.280000,131.140000,2650788
2021-04-29T04:00:00Z,133.780000,130.810000,133.790000,128.540000,1200888
2021-04-30T04:00:00Z,128.430000,125.080000,128.580000,124.430000,1681478
2021-05-03T04:00:00Z,126.320000,124.990000,127.411500,123.760000,1059288
2021-05-04T04:00:00Z,122.410000,122.990000,123.150000,119.650000,1399837
2021-05-05T04:00:00Z,125.060000,124.520000,126.030000,122.340000,1158040
2021-05-06T04:00:00Z,123.840000,125.980000,126.140000,121.630000,1111538
2021-05-07T04:00:00Z,127.450000,128.170000,128.690000,126.620000,1268365
2021-05-10T04:00:00Z,126.550000,121.720000,126.550000,121.710000,2164550
2021-05-11T04:00:00Z,116.330000,121.510000,122.180000,115.660000,1878489
2021-05-12T04:00:00Z,118.440000,114.600000,120.070000,114.165000,1914634
2021-05-13T04:00:00Z,116.230000,117.250000,118.759900,115.900000,1304299
2021-05-14T04:00:00Z,118.470000,122.350000,123.420000,117.970000,1134705
2021-05-17T04:00:00Z,120.720000,119.860000,120.890000,117.500000,1127327
2021-05-18T04:00:00Z,121.550000,118.770000,122.400000,118.670000,1100636
2021-05-19T04:00:00Z,115.830000,122.410000,122.980000,115.010000,1565860
2021-05-20T04:00:00Z,123.220000,126.620000,127.250000,123.140000,1178611
2021-05-21T04:00:00Z,126.500000,124.880000,126.932000,123.690000,1888808
2021-05-24T04:00:00Z,126.350000,127.690000,128.310000,126.300000,1266676
2021-05-25T04:00:00Z,128.600000,128.530000,130.380000,127.780000,1065131
2021-05-26T04:00:00Z,129.120000,129.060000,130.500000,127.160000,926766
2021-05-27T04:00:00Z,128.230000,130.590000,131.125000,127.350000,1601675
2021-05-28T04:00:00Z,131.040000,132.350000,132.950000,130.620000,1211809
2021-06-01T04:00:00Z,133.470000,130.780000,135.350000,130.240000,1090716
2021-06-02T04:00:00Z,130.240000,131.010000,132.050000,129.345000,803747
2021-06-03T04:00:00Z,129.010000,128.320000,129.640000,126.930000,1140981
2021-06-04T04:00:00Z,127.570000,131.680000,131.980000,127.140000,1038773
2021-06-07T04:00:00Z,131.350000,130.800000,131.690000,130.140000,711064
2021-06-08T04:00:00Z,131.830000,126.780000,132.500000,125.200000,1930496
2021-06-09T04:00:00Z,126.800000,124.710000,128.440000,124.670000,1245551
2021-06-10T04:00:00Z,124.530000,127.870000,128.205000,124.190000,1855717
2021-06-11T04:00:00Z,128.670000,127.980000,128.680000,126.460000,1495628
2021-06-14T04:00:00Z,128.000000,131.480000,131.540000,127.682500,1033787
2021-06-15T04:00:00Z,131.420000,130.310000,132.550000,129.850000,1097531
2021-06-16T04:00:00Z,131.370000,128.280000,132.210000,127.160000,1047539
2021-06-17T04:00:00Z,127.920000,129.590000,130.020000,126.825000,1371274
2021-06-18T04:00:00Z,127.630000,124.860000,129.320000,123.530000,2760220
2021-06-21T04:00:00Z,125.310000,126.220000,126.370000,124.160000,1582259
2021-06-22T04:00:00Z,126.050000,125.960000,126.710000,124.570000,1310572
2021-06-23T04:00:00Z,125.650000,127.200000,127.840000,125.650000,909056
2021-06-24T04:00:00Z,128.610000,130.610000,130.990000,128.320000,1336005
2021-06-25T04:00:00Z,131.450000,129.550000,132.700000,128.350000,2602113
2021-06-28T04:00:00Z,131.310000,132.750000,133.464300,130.490000,1387192
2021-06-29T04:00:00Z,132.270000,134.310000,135.190000,131.950000,1313009
2021-06-30T04:00:00Z,134.700000,133.960000,134.950000,132.460000,836999
2021-07-01T04:00:00Z,133.450000,129.380000,133.870000,129.240000,1256701
2021-07-02T04:00:00Z,130.890000,128.530000,131.000000,127.960000,925033
2021-07-06T04:00:00Z,128.950000,126.470000,128.990000,124.570000,1598833
2021-07-07T04:00:00Z,127.940000,123.440000,127.940000,122.850000,2777658
2021-07-08T04:00:00Z,120.380000,122.820000,123.680000,119.150000,1453657
2021-07-09T04:00:00Z,123.690000,125.700000,125.960000,122.360000,1245490
2021-07-12T04:00:00Z,125.970000,127.080000,127.270000,125.140000,1074057
2021-07-13T04:00:00Z,126.260000,126.790000,128.050000,125.550000,1029821
2021-07-14T04:00:00Z,128.020000,126.270000,130.880000,125.920000,1106716
2021-07-15T04:00:00Z,125.810000,123.130000,125.810000,122.170000,1524240
2021-07-16T04:00:00Z,123.630000,119.890000,124.800000,119.640000,1142676
2021-07-19T04:00:00Z,117.330000,120.060000,120.150000,116.390000,1408701
2021-07-20T04:00:00Z,121.020000,123.780000,124.640000,119.805000,1315490
2021-07-21T04:00:00Z,124.350000,128.460000,128.520000,124.170000,1206612
2021-07-22T04:00:00Z,127.730000,126.720000,129.170000,126.035000,1011688
2021-07-23T04:00:00Z,128.230000,128.800000,129.470000,126.830000,846219
2021-07-26T04:00:00Z,128.000000,127.430000,129.910000,126.985000,1152346
2021-07-27T04:00:00Z,126.500000,123.460000,126.910000,120.770000,2520046
2021-07-28T04:00:00Z,119.180000,122.080000,124.020000,117.700000,2337016
2021-07-29T04:00:00Z,124.320000,125.650000,127.300000,123.880000,2024180
2021-07-30T04:00:00Z,123.940000,127.000000,128.870000,123.940000,1145366
2021-08-02T04:00:00Z,127.620000,127.020000,130.280000,126.780000,999366
2021-08-03T04:00:00Z,127.540000,126.740000,128.250000,124.840000,912450
2021-08-04T04:00:00Z,126.670000,127.900000,129.020000,126.400000,1050369
2021-08-05T04:00:00Z,128.300000,126.580000,128.580000,126.030000,910829
2021-08-06T04:00:00Z,126.110000,126.870000,127.730000,125.650000,671868
